date,spend,clicks,conversions,spend_ma7,clicks_ma7,spend_ma30,spend_cumul
2023-01-01,591.3,1238.0,49.0,591.3,1238.0,591.3,591.0
2023-01-02,753.59,1675.0,86.0,672.45,1457.0,672.45,1345.0
2023-01-03,754.88,1850.0,79.0,699.92,1588.0,699.92,2100.0
2023-01-04,715.95,1473.0,83.0,703.93,1559.0,703.93,2816.0
2023-01-05,774.24,1717.0,50.0,717.99,1591.0,717.99,3590.0
2023-01-06,700.85,1382.0,72.0,715.14,1556.0,715.14,4291.0
2023-01-07,635.08,1268.0,41.0,703.7,1515.0,703.7,4926.0
2023-01-08,631.06,1326.0,38.0,709.38,1527.0,694.62,5557.0
2023-01-09,783.33,1812.0,65.0,713.63,1547.0,704.48,6340.0
2023-01-10,731.23,1632.0,62.0,710.25,1516.0,707.15,7072.0
2023-01-11,750.72,1494.0,56.0,715.22,1519.0,711.11,7822.0
2023-01-12,759.36,1810.0,73.0,713.09,1532.0,715.13,8582.0
2023-01-13,751.9,1689.0,55.0,720.38,1576.0,717.96,9333.0
2023-01-14,642.26,1355.0,75.0,721.41,1588.0,712.55,9976.0
2023-01-15,627.69,1353.0,64.0,720.93,1592.0,706.9,10603.0
2023-01-16,752.56,1541.0,56.0,716.53,1553.0,709.75,11356.0
2023-01-17,785.44,1640.0,91.0,724.28,1555.0,714.2,12141.0
2023-01-18,744.59,1839.0,66.0,723.4,1604.0,715.89,12886.0
2023-01-19,734.92,1436.0,65.0,719.91,1550.0,716.89,13621.0
2023-01-20,739.75,1582.0,79.0,718.17,1535.0,718.04,14361.0
2023-01-21,624.6,1269.0,78.0,715.65,1523.0,713.59,14985.0
2023-01-22,659.43,1529.0,66.0,720.18,1548.0,711.12,15645.0
2023-01-23,725.1,1534.0,63.0,716.26,1547.0,711.73,16370.0
2023-01-24,750.15,1653.0,63.0,711.22,1549.0,713.33,17120.0
2023-01-25,771.47,1697.0,77.0,715.06,1529.0,715.66,17891.0
2023-01-26,715.32,1418.0,57.0,712.26,1526.0,715.65,18607.0
2023-01-27,745.3,1892.0,79.0,713.05,1570.0,716.74,19352.0
2023-01-28,626.22,1308.0,60.0,713.28,1576.0,713.51,19978.0
2023-01-29,616.48,1360.0,35.0,707.15,1552.0,710.16,20595.0
2023-01-30,739.9,1708.0,60.0,709.26,1577.0,711.16,21335.0
2023-01-31,732.08,1894.0,69.0,706.68,1611.0,715.85,22067.0
2023-02-01,715.35,1578.0,52.0,698.66,1594.0,714.57,22782.0
2023-02-02,693.3,1426.0,53.0,695.52,1595.0,712.52,23475.0
2023-02-03,669.83,1371.0,64.0,684.74,1521.0,710.98,24145.0
2023-02-04,535.06,1106.0,44.0,671.71,1492.0,703.01,24680.0
2023-02-05,582.41,1421.0,55.0,666.85,1501.0,699.06,25263.0
2023-02-06,677.09,1436.0,79.0,657.87,1462.0,700.46,25940.0
2023-02-07,714.08,1462.0,57.0,655.3,1400.0,703.23,26654.0
2023-02-08,647.53,1504.0,61.0,645.61,1389.0,698.7,27301.0
2023-02-09,695.16,1496.0,60.0,645.88,1399.0,697.5,27997.0
2023-02-10,677.76,1419.0,72.0,647.01,1406.0,695.07,28674.0
2023-02-11,579.79,1295.0,57.0,653.4,1433.0,689.08,29254.0
2023-02-12,542.17,1136.0,65.0,647.65,1393.0,682.09,29796.0
2023-02-13,687.89,1703.0,78.0,649.2,1431.0,683.61,30484.0
2023-02-14,707.42,1695.0,61.0,648.25,1464.0,686.27,31192.0
2023-02-15,706.54,1689.0,74.0,656.68,1490.0,684.74,31898.0
2023-02-16,648.97,1399.0,49.0,650.08,1477.0,680.19,32547.0
2023-02-17,687.49,1538.0,73.0,651.47,1494.0,678.29,33235.0
2023-02-18,530.33,1111.0,53.0,644.4,1467.0,671.47,33765.0
2023-02-19,591.81,1326.0,65.0,651.49,1494.0,666.53,34357.0
2023-02-20,703.27,1688.0,82.0,653.69,1492.0,669.16,35060.0
2023-02-21,714.7,1666.0,58.0,654.73,1488.0,671.0,35775.0
2023-02-22,670.41,1647.0,70.0,649.57,1482.0,669.18,36445.0
2023-02-23,701.05,1610.0,75.0,657.01,1512.0,667.54,37146.0
2023-02-24,684.94,1518.0,74.0,656.64,1509.0,664.66,37831.0
2023-02-25,554.88,1168.0,57.0,660.15,1518.0,659.31,38386.0
2023-02-26,516.91,1072.0,56.0,649.45,1481.0,651.69,38903.0
2023-02-27,667.69,1700.0,70.0,644.37,1483.0,653.08,39571.0
2023-02-28,720.91,1495.0,75.0,645.26,1459.0,656.56,40291.0
2023-03-01,710.26,1616.0,63.0,650.95,1454.0,655.57,41002.0
2023-03-02,683.29,1358.0,59.0,648.41,1418.0,653.94,41685.0
2023-03-03,673.24,1512.0,51.0,646.74,1417.0,652.54,42358.0
2023-03-04,558.96,1233.0,51.0,647.32,1427.0,648.06,42917.0
2023-03-05,573.94,1292.0,32.0,655.47,1458.0,644.87,43491.0
2023-03-06,737.0,1655.0,80.0,665.37,1452.0,651.6,44228.0
2023-03-07,672.75,1530.0,70.0,658.49,1457.0,654.61,44901.0
2023-03-08,673.98,1523.0,67.0,653.31,1443.0,654.5,45575.0
2023-03-09,635.15,1423.0,62.0,646.43,1453.0,651.87,46210.0
2023-03-10,671.46,1461.0,74.0,646.18,1445.0,652.67,46882.0
2023-03-11,550.9,1221.0,64.0,645.03,1444.0,647.86,47432.0
2023-03-12,569.94,1344.0,46.0,644.45,1451.0,644.27,48002.0
2023-03-13,625.89,1346.0,70.0,628.58,1407.0,645.8,48628.0
2023-03-14,688.29,1535.0,56.0,630.8,1408.0,650.68,49317.0
2023-03-15,676.88,1575.0,84.0,631.22,1415.0,650.31,49993.0
2023-03-16,734.13,1615.0,63.0,645.36,1442.0,651.2,50728.0
2023-03-17,683.48,1528.0,71.0,647.07,1452.0,650.43,51411.0
2023-03-18,573.89,1332.0,40.0,650.36,1468.0,647.93,51985.0
2023-03-19,553.12,1162.0,55.0,647.95,1442.0,643.45,52538.0
2023-03-20,623.26,1323.0,51.0,647.58,1439.0,646.55,53161.0
2023-03-21,656.31,1363.0,57.0,643.01,1414.0,648.7,53818.0
2023-03-22,653.19,1554.0,73.0,639.63,1411.0,647.03,54471.0
2023-03-23,665.6,1429.0,55.0,629.84,1384.0,645.39,55136.0
2023-03-24,699.29,1716.0,62.0,632.09,1411.0,646.35,55836.0
2023-03-25,538.1,1211.0,49.0,626.98,1394.0,640.92,56374.0
2023-03-26,574.01,1198.0,49.0,629.97,1399.0,637.22,56948.0
2023-03-27,687.94,1509.0,56.0,639.21,1426.0,641.66,57636.0
2023-03-28,713.7,1542.0,70.0,647.4,1451.0,648.22,58349.0
2023-03-29,702.34,1717.0,72.0,654.43,1475.0,649.37,59052.0
2023-03-30,662.53,1539.0,78.0,653.99,1490.0,647.43,59714.0
2023-03-31,670.24,1445.0,64.0,649.84,1452.0,646.09,60385.0
2023-04-01,513.14,965.0,38.0,646.27,1416.0,640.42,60898.0
2023-04-02,589.84,1331.0,63.0,648.53,1435.0,637.64,61488.0
2023-04-03,633.66,1428.0,66.0,640.78,1424.0,640.13,62121.0
2023-04-04,699.01,1823.0,52.0,638.68,1464.0,644.3,62820.0
2023-04-05,714.95,1519.0,75.0,640.48,1436.0,643.57,63535.0
2023-04-06,629.26,1340.0,68.0,635.73,1407.0,642.12,64164.0
2023-04-07,687.1,1614.0,68.0,638.14,1431.0,642.55,64852.0
2023-04-08,538.84,1205.0,55.0,641.81,1466.0,639.34,65390.0
2023-04-09,556.67,1180.0,57.0,637.07,1444.0,635.52,65947.0
2023-04-10,687.93,1569.0,59.0,644.82,1464.0,640.08,66635.0
2023-04-11,668.58,1653.0,59.0,640.48,1440.0,643.37,67304.0
2023-04-12,665.78,1293.0,66.0,633.45,1408.0,644.7,67969.0
2023-04-13,703.27,1727.0,78.0,644.02,1463.0,645.2,68673.0
2023-04-14,660.62,1741.0,73.0,640.24,1481.0,644.66,69333.0
2023-04-15,581.63,1231.0,49.0,646.35,1485.0,639.58,69915.0
2023-04-16,529.71,1276.0,68.0,642.5,1499.0,634.45,70445.0
2023-04-17,661.33,1361.0,64.0,638.7,1469.0,637.37,71106.0
2023-04-18,715.49,1579.0,68.0,645.4,1458.0,642.78,71821.0
2023-04-19,644.85,1417.0,69.0,642.41,1476.0,643.5,72466.0
2023-04-20,669.45,1457.0,70.0,637.58,1437.0,643.94,73136.0
2023-04-21,663.98,1454.0,68.0,638.06,1396.0,644.29,73800.0
2023-04-22,596.18,1312.0,33.0,640.14,1408.0,641.98,74396.0
2023-04-23,538.14,1029.0,49.0,641.35,1373.0,636.61,74934.0
2023-04-24,720.39,1754.0,80.0,649.78,1429.0,642.69,75654.0
2023-04-25,676.03,1487.0,46.0,644.15,1416.0,646.09,76330.0
2023-04-26,656.84,1391.0,97.0,645.86,1412.0,645.05,76987.0
2023-04-27,724.1,1844.0,69.0,653.67,1467.0,645.4,77711.0
2023-04-28,669.51,1793.0,66.0,654.46,1516.0,644.3,78381.0
2023-04-29,525.22,1277.0,48.0,644.32,1511.0,639.72,78906.0
2023-04-30,548.19,1338.0,48.0,645.75,1555.0,635.66,79454.0
2023-05-01,729.27,1779.0,58.0,647.02,1558.0,642.86,80184.0
2023-05-02,658.77,1495.0,48.0,644.56,1560.0,645.16,80842.0
2023-05-03,698.12,1445.0,59.0,650.45,1567.0,647.31,81540.0
2023-05-04,699.74,1727.0,72.0,646.97,1551.0,647.33,82240.0
2023-05-05,701.85,1679.0,71.0,651.59,1534.0,646.89,82942.0
2023-05-06,627.07,1640.0,60.0,666.14,1586.0,646.82,83569.0
2023-05-07,578.72,1327.0,41.0,670.51,1585.0,643.21,84148.0
2023-05-08,700.68,1644.0,61.0,666.42,1565.0,648.6,84848.0
2023-05-09,681.93,1914.0,75.0,669.73,1625.0,652.78,85530.0
2023-05-10,741.98,1683.0,74.0,676.0,1659.0,654.58,86272.0
2023-05-11,705.39,1733.0,57.0,676.8,1660.0,655.81,86978.0
2023-05-12,698.22,1677.0,63.0,676.28,1660.0,656.89,87676.0
2023-05-13,594.06,1431.0,73.0,671.57,1630.0,653.25,88270.0
2023-05-14,573.36,1327.0,60.0,670.8,1630.0,650.34,88843.0
2023-05-15,664.92,1479.0,56.0,665.69,1606.0,653.12,89508.0
2023-05-16,759.68,1951.0,75.0,676.8,1612.0,660.78,90268.0
2023-05-17,736.87,1897.0,96.0,676.07,1642.0,663.3,91005.0
2023-05-18,702.03,1827.0,81.0,675.59,1656.0,662.85,91707.0
2023-05-19,747.19,1858.0,75.0,682.59,1681.0,666.26,92454.0
2023-05-20,600.78,1322.0,55.0,683.55,1666.0,663.97,93055.0
2023-05-21,588.56,1457.0,59.0,685.72,1684.0,661.46,93643.0
2023-05-22,700.67,1807.0,62.0,690.83,1731.0,664.94,94344.0
2023-05-23,733.84,1866.0,72.0,687.13,1719.0,671.47,95078.0
2023-05-24,730.44,1865.0,86.0,686.22,1715.0,671.8,95808.0
2023-05-25,694.83,1659.0,58.0,685.19,1691.0,672.43,96503.0
2023-05-26,711.68,1878.0,61.0,680.11,1693.0,674.26,97215.0
2023-05-27,579.46,1665.0,48.0,677.07,1742.0,669.43,97794.0
2023-05-28,627.62,1602.0,56.0,682.65,1763.0,668.04,98422.0
2023-05-29,684.76,1819.0,59.0,680.38,1765.0,673.36,99107.0
2023-05-30,684.69,1508.0,70.0,673.35,1714.0,677.91,99791.0
2023-05-31,689.03,1756.0,65.0,667.44,1698.0,676.56,100480.0
2023-06-01,688.29,1828.0,59.0,666.5,1722.0,677.55,101169.0
2023-06-02,718.0,1862.0,86.0,667.41,1720.0,678.21,101887.0
2023-06-03,607.62,1416.0,47.0,671.43,1684.0,675.14,102494.0
2023-06-04,578.02,1333.0,58.0,664.34,1646.0,671.01,103072.0
2023-06-05,702.29,1749.0,54.0,666.85,1636.0,673.52,103775.0
2023-06-06,685.57,1588.0,56.0,666.97,1647.0,677.08,104460.0
2023-06-07,673.3,1651.0,78.0,664.73,1632.0,676.17,105134.0
2023-06-08,716.54,1866.0,81.0,668.76,1638.0,677.32,105850.0
2023-06-09,658.17,1658.0,48.0,660.22,1609.0,674.53,106508.0
2023-06-10,632.67,1562.0,56.0,663.79,1630.0,672.11,107141.0
2023-06-11,586.29,1412.0,52.0,664.98,1641.0,668.37,107727.0
2023-06-12,714.98,1788.0,50.0,666.79,1646.0,672.41,108442.0
2023-06-13,674.17,1794.0,75.0,665.16,1676.0,675.77,109116.0
2023-06-14,727.73,2004.0,90.0,672.94,1726.0,677.86,109844.0
2023-06-15,727.36,1699.0,47.0,674.48,1702.0,676.78,110571.0
2023-06-16,724.27,1798.0,59.0,683.92,1722.0,676.36,111296.0
2023-06-17,636.7,1689.0,57.0,684.5,1741.0,674.18,111932.0
2023-06-18,574.32,1416.0,33.0,682.79,1741.0,668.42,112507.0
2023-06-19,686.0,1719.0,68.0,678.65,1731.0,671.26,113193.0
2023-06-20,712.82,1872.0,78.0,684.17,1742.0,675.4,113906.0
2023-06-21,662.1,1648.0,72.0,674.8,1692.0,674.12,114568.0
2023-06-22,724.67,1863.0,79.0,674.41,1715.0,673.81,115292.0
2023-06-23,756.82,1921.0,81.0,679.06,1733.0,674.69,116049.0
2023-06-24,624.78,1588.0,56.0,677.36,1718.0,672.36,116674.0
2023-06-25,593.26,1250.0,46.0,680.06,1694.0,668.41,117267.0
2023-06-26,700.87,1810.0,84.0,682.19,1707.0,672.46,117968.0
2023-06-27,712.9,1766.0,47.0,682.2,1692.0,675.3,118681.0
2023-06-28,673.87,1789.0,72.0,683.88,1712.0,674.94,119355.0
2023-06-29,729.25,2046.0,79.0,684.54,1739.0,676.42,120084.0
2023-06-30,685.8,1678.0,58.0,674.39,1704.0,676.31,120770.0
2023-07-01,391.96,972.0,38.0,641.13,1616.0,666.44,121162.0
2023-07-02,375.72,919.0,30.0,610.05,1569.0,655.03,121538.0
2023-07-03,460.57,1110.0,39.0,575.72,1469.0,650.13,121998.0
2023-07-04,439.73,1038.0,38.0,536.7,1365.0,645.52,122438.0
2023-07-05,459.32,1178.0,49.0,506.05,1277.0,637.42,122897.0
2023-07-06,460.91,1171.0,47.0,467.72,1152.0,629.93,123358.0
2023-07-07,456.34,991.0,28.0,434.94,1054.0,622.7,123814.0
2023-07-08,366.62,941.0,43.0,431.32,1050.0,611.03,124181.0
2023-07-09,395.87,907.0,39.0,434.19,1048.0,602.29,124577.0
2023-07-10,464.32,1260.0,45.0,434.73,1069.0,596.68,125041.0
2023-07-11,452.86,1169.0,46.0,436.61,1088.0,592.23,125494.0
2023-07-12,473.0,1186.0,47.0,438.56,1089.0,584.16,125967.0
2023-07-13,439.53,1106.0,38.0,435.51,1080.0,576.34,126407.0
2023-07-14,478.91,1158.0,62.0,438.73,1104.0,568.05,126886.0
2023-07-15,381.2,972.0,33.0,440.81,1108.0,556.51,127267.0
2023-07-16,357.24,954.0,25.0,435.29,1115.0,544.28,127624.0
2023-07-17,450.39,1142.0,40.0,433.3,1098.0,538.07,128074.0
2023-07-18,437.56,1111.0,41.0,431.12,1090.0,533.51,128512.0
2023-07-19,439.54,1101.0,36.0,426.34,1078.0,525.29,128951.0
2023-07-20,475.74,1222.0,48.0,431.51,1094.0,517.39,129427.0
2023-07-21,448.63,1061.0,37.0,427.19,1080.0,510.27,129876.0
2023-07-22,373.32,850.0,33.0,426.06,1063.0,498.56,130249.0
2023-07-23,362.39,950.0,30.0,426.8,1062.0,485.41,130612.0
2023-07-24,442.41,1110.0,38.0,425.66,1058.0,479.33,131054.0
2023-07-25,409.87,979.0,34.0,421.7,1039.0,473.22,131464.0
2023-07-26,436.58,985.0,37.0,421.28,1022.0,464.41,131900.0
2023-07-27,422.03,960.0,44.0,413.6,985.0,454.72,132322.0
2023-07-28,432.57,1071.0,37.0,411.31,986.0,446.67,132755.0
2023-07-29,368.47,947.0,29.0,410.62,1000.0,434.65,133123.0
2023-07-30,356.41,823.0,24.0,409.76,982.0,423.67,133480.0
2023-07-31,416.54,975.0,35.0,406.07,963.0,424.49,133896.0
2023-08-01,429.95,1035.0,35.0,408.94,971.0,426.29,134326.0
2023-08-02,425.0,1098.0,48.0,407.28,987.0,425.11,134751.0
2023-08-03,407.8,903.0,34.0,405.25,979.0,424.04,135159.0
2023-08-04,442.29,1159.0,39.0,406.64,991.0,423.48,135601.0
2023-08-05,396.72,970.0,29.0,410.67,995.0,421.34,135998.0
2023-08-06,357.19,891.0,37.0,410.78,1004.0,418.03,136355.0
2023-08-07,426.51,1082.0,47.0,412.21,1020.0,420.03,136782.0
2023-08-08,411.85,1065.0,35.0,409.62,1024.0,420.56,137194.0
2023-08-09,449.66,1217.0,56.0,413.15,1041.0,420.07,137643.0
2023-08-10,452.4,1061.0,34.0,419.52,1064.0,420.06,138096.0
2023-08-11,416.22,1030.0,43.0,415.79,1045.0,418.16,138512.0
2023-08-12,405.75,969.0,38.0,417.08,1045.0,417.04,138918.0
2023-08-13,377.52,902.0,31.0,419.99,1047.0,413.66,139295.0
2023-08-14,413.93,1001.0,30.0,418.19,1035.0,414.75,139709.0
2023-08-15,420.6,1008.0,25.0,419.44,1027.0,416.86,140130.0
2023-08-16,459.1,1150.0,37.0,420.79,1017.0,417.15,140589.0
2023-08-17,442.75,1041.0,43.0,419.41,1014.0,417.32,141032.0
2023-08-18,447.49,1121.0,35.0,423.88,1027.0,417.59,141479.0
2023-08-19,365.73,862.0,30.0,418.16,1012.0,413.92,141845.0
2023-08-20,435.53,1068.0,36.0,426.45,1036.0,413.49,142280.0
2023-08-21,459.34,1128.0,39.0,432.93,1054.0,416.35,142740.0
2023-08-22,479.42,1155.0,40.0,441.34,1075.0,420.25,143219.0
2023-08-23,476.02,1110.0,35.0,443.75,1069.0,421.37,143695.0
2023-08-24,447.62,1184.0,35.0,444.45,1090.0,422.63,144143.0
2023-08-25,446.58,933.0,34.0,444.32,1063.0,422.97,144589.0
2023-08-26,432.92,1076.0,40.0,453.92,1093.0,423.33,145022.0
2023-08-27,446.78,1180.0,36.0,455.53,1109.0,423.8,145469.0
2023-08-28,498.87,1222.0,46.0,461.17,1123.0,428.15,145968.0
2023-08-29,513.43,1141.0,32.0,466.03,1121.0,433.38,146481.0
2023-08-30,535.73,1228.0,52.0,474.56,1138.0,437.36,147017.0
2023-08-31,513.63,1278.0,51.0,483.99,1151.0,440.15,147531.0
2023-09-01,861.82,2096.0,79.0,543.31,1317.0,454.71,148393.0
2023-09-02,734.22,1908.0,64.0,586.35,1436.0,465.59,149127.0
2023-09-03,754.68,1849.0,68.0,630.34,1532.0,476.0,149881.0
2023-09-04,861.42,1908.0,78.0,682.13,1630.0,491.49,150743.0
2023-09-05,872.73,2141.0,88.0,733.46,1773.0,508.67,151616.0
2023-09-06,885.86,2012.0,76.0,783.48,1885.0,523.99,152501.0
2023-09-07,885.33,2574.0,95.0,836.58,2070.0,539.77,153387.0
2023-09-08,885.68,2111.0,90.0,839.99,2072.0,554.3,154273.0
2023-09-09,767.93,1831.0,51.0,844.8,2061.0,564.82,155040.0
2023-09-10,753.32,2034.0,76.0,844.61,2087.0,576.06,155794.0
2023-09-11,827.07,1929.0,75.0,839.7,2090.0,590.1,156621.0
2023-09-12,863.16,2055.0,75.0,838.34,2078.0,606.29,157484.0
2023-09-13,837.16,1757.0,75.0,831.38,2042.0,620.4,158321.0
2023-09-14,899.79,2191.0,80.0,833.44,1987.0,636.37,159221.0
2023-09-15,814.97,2078.0,82.0,823.34,1982.0,648.23,160036.0
2023-09-16,733.64,1750.0,51.0,818.44,1971.0,657.93,160770.0
2023-09-17,756.35,1788.0,60.0,818.88,1935.0,668.22,161526.0
2023-09-18,878.18,2112.0,95.0,826.18,1962.0,685.31,162404.0
2023-09-19,893.78,2192.0,65.0,830.55,1981.0,700.58,163298.0
2023-09-20,926.96,2247.0,93.0,843.38,2051.0,716.17,164225.0
2023-09-21,856.11,1839.0,51.0,837.14,2001.0,728.72,165081.0
2023-09-22,873.32,2001.0,59.0,845.48,1990.0,741.97,165954.0
2023-09-23,721.21,1574.0,65.0,843.7,1965.0,751.09,166675.0
2023-09-24,834.9,2122.0,71.0,854.92,2012.0,764.03,167510.0
2023-09-25,917.33,2213.0,70.0,860.52,2027.0,780.18,168428.0
2023-09-26,924.53,2175.0,76.0,864.91,2024.0,796.1,169352.0
2023-09-27,864.87,1899.0,62.0,856.04,1975.0,808.3,170217.0
2023-09-28,936.94,2220.0,89.0,867.59,2029.0,822.42,171154.0
2023-09-29,935.23,2163.0,74.0,876.43,2052.0,835.74,172089.0
2023-09-30,813.94,1796.0,68.0,889.68,2084.0,845.75,172903.0
2023-10-01,729.17,1764.0,61.0,874.57,2033.0,841.33,173632.0
2023-10-02,783.41,1680.0,64.0,855.44,1957.0,842.97,174416.0
2023-10-03,796.71,1876.0,87.0,837.18,1914.0,844.37,175212.0
2023-10-04,859.43,2118.0,93.0,836.4,1945.0,844.3,176072.0
2023-10-05,800.26,1768.0,57.0,816.88,1881.0,841.88,176872.0
2023-10-06,895.56,2125.0,76.0,811.21,1875.0,842.21,177768.0
2023-10-07,746.69,1862.0,61.0,801.6,1885.0,837.59,178514.0
2023-10-08,706.31,1602.0,66.0,798.34,1862.0,831.61,179221.0
2023-10-09,841.46,2005.0,71.0,806.63,1908.0,834.06,180062.0
2023-10-10,806.18,1914.0,86.0,807.98,1913.0,835.82,180868.0
2023-10-11,854.98,2158.0,74.0,807.35,1919.0,836.75,181723.0
2023-10-12,840.17,2048.0,63.0,813.05,1959.0,835.98,182564.0
2023-10-13,843.45,2039.0,64.0,805.61,1947.0,836.19,183407.0
2023-10-14,747.58,1666.0,63.0,805.73,1919.0,831.12,184155.0
2023-10-15,735.16,1606.0,70.0,809.85,1919.0,828.46,184890.0
2023-10-16,832.1,2010.0,79.0,808.52,1920.0,831.74,185722.0
2023-10-17,840.97,2045.0,78.0,813.49,1939.0,834.56,186563.0
2023-10-18,896.36,2246.0,91.0,819.4,1951.0,835.17,187459.0
2023-10-19,854.47,1936.0,78.0,821.44,1935.0,833.86,188314.0
2023-10-20,819.64,1819.0,74.0,818.04,1904.0,830.28,189133.0
2023-10-21,819.31,1908.0,82.0,828.29,1939.0,829.05,189953.0
2023-10-22,732.46,1723.0,74.0,827.9,1955.0,824.36,190685.0
2023-10-23,924.0,2288.0,110.0,841.03,1995.0,831.12,191609.0
2023-10-24,849.0,1942.0,101.0,842.18,1980.0,831.59,192458.0
2023-10-25,872.29,2101.0,61.0,838.74,1960.0,830.09,193330.0
2023-10-26,897.05,2052.0,77.0,844.82,1976.0,829.17,194227.0
2023-10-27,861.91,1986.0,83.0,850.86,2000.0,829.07,195089.0
2023-10-28,829.35,1996.0,83.0,852.29,2013.0,825.49,195919.0
2023-10-29,798.14,1734.0,65.0,861.68,2014.0,820.92,196717.0
2023-10-30,896.54,2081.0,70.0,857.75,1985.0,823.67,197613.0
2023-10-31,925.0,2159.0,73.0,868.61,2016.0,830.2,198538.0
2023-11-01,1064.95,2653.0,98.0,896.13,2094.0,839.58,199603.0
2023-11-02,1050.98,2162.0,77.0,918.12,2110.0,848.06,200654.0
2023-11-03,995.67,2425.0,89.0,937.23,2173.0,852.6,201650.0
2023-11-04,965.2,2230.0,92.0,956.64,2206.0,858.1,202615.0
2023-11-05,1032.01,2470.0,102.0,990.05,2311.0,862.65,203647.0
2023-11-06,1172.87,2975.0,122.0,1029.53,2439.0,876.85,204820.0
2023-11-07,1149.64,2937.0,104.0,1061.62,2550.0,891.63,205970.0
2023-11-08,1162.39,2433.0,118.0,1075.54,2519.0,902.33,207132.0
2023-11-09,1189.71,2747.0,143.0,1095.36,2602.0,915.11,208322.0
2023-11-10,1197.9,2968.0,128.0,1124.25,2680.0,926.54,209520.0
2023-11-11,1165.34,2640.0,194.0,1152.84,2739.0,937.38,210685.0
2023-11-12,1061.09,2518.0,102.0,1156.99,2745.0,944.64,211746.0
2023-11-13,1154.67,2509.0,97.0,1154.39,2679.0,958.21,212901.0
2023-11-14,1172.97,2650.0,102.0,1157.72,2638.0,972.8,214074.0
2023-11-15,1215.66,2776.0,139.0,1165.33,2687.0,985.58,215289.0
2023-11-16,1232.47,2855.0,150.0,1171.44,2702.0,998.63,216522.0
2023-11-17,1120.51,2746.0,107.0,1160.39,2671.0,1006.11,217642.0
2023-11-18,1099.18,2543.0,92.0,1150.94,2657.0,1014.26,218742.0
2023-11-19,1041.31,2518.0,69.0,1148.11,2657.0,1021.65,219783.0
2023-11-20,1159.55,2583.0,100.0,1148.81,2667.0,1032.99,220942.0
2023-11-21,1165.69,2586.0,114.0,1147.77,2658.0,1047.43,222108.0
2023-11-22,1200.42,2918.0,113.0,1145.59,2678.0,1056.65,223308.0
2023-11-23,1081.52,2481.0,91.0,1124.03,2625.0,1064.4,224390.0
2023-11-24,1093.88,2491.0,102.0,1120.22,2589.0,1071.79,225484.0
2023-11-25,1081.81,2520.0,115.0,1117.74,2585.0,1077.94,226566.0
2023-11-26,979.54,2422.0,102.0,1108.92,2572.0,1081.87,227545.0
2023-11-27,1157.06,2845.0,123.0,1108.56,2609.0,1092.79,228702.0
2023-11-28,1200.94,2886.0,126.0,1113.6,2652.0,1106.22,229903.0
2023-11-29,1210.07,2907.0,119.0,1114.97,2650.0,1116.67,231113.0
2023-11-30,1187.04,2827.0,118.0,1130.05,2700.0,1125.4,232300.0
2023-12-01,1278.23,2858.0,102.0,1156.38,2752.0,1132.51,233579.0
2023-12-02,1194.67,2759.0,113.0,1172.51,2786.0,1137.3,234773.0
2023-12-03,1187.58,2739.0,98.0,1202.23,2832.0,1143.7,235961.0
2023-12-04,1322.6,3329.0,127.0,1225.88,2901.0,1155.61,237283.0
2023-12-05,1362.92,3126.0,137.0,1249.02,2935.0,1166.64,238646.0
2023-12-06,1219.89,2794.0,116.0,1250.42,2919.0,1168.21,239866.0
2023-12-07,1245.36,2750.0,128.0,1258.75,2908.0,1171.4,241112.0
2023-12-08,1320.66,3109.0,144.0,1264.81,2944.0,1176.67,242432.0
2023-12-09,1185.88,2931.0,93.0,1263.56,2968.0,1176.55,243618.0
2023-12-10,1204.96,2708.0,125.0,1266.04,2964.0,1176.78,244823.0
2023-12-11,1410.37,3368.0,136.0,1278.58,2969.0,1184.95,246233.0
2023-12-12,1375.12,3298.0,142.0,1280.32,2994.0,1195.42,247609.0
2023-12-13,1329.93,2876.0,127.0,1296.04,3006.0,1201.26,248939.0
2023-12-14,1310.66,3009.0,122.0,1305.37,3043.0,1205.85,250249.0
2023-12-15,1316.0,3011.0,162.0,1304.7,3029.0,1209.19,251565.0
2023-12-16,1211.69,2982.0,115.0,1308.39,3036.0,1208.5,252777.0
2023-12-17,1119.63,2441.0,99.0,1296.2,2998.0,1208.47,253896.0
2023-12-18,1403.39,3610.0,158.0,1295.2,3032.0,1218.61,255300.0
2023-12-19,1325.23,3065.0,122.0,1288.08,2999.0,1228.08,256625.0
2023-12-20,1402.6,3336.0,129.0,1298.46,3065.0,1236.18,258028.0
2023-12-21,1398.28,3253.0,131.0,1310.97,3100.0,1243.93,259426.0
2023-12-22,1284.35,2926.0,113.0,1306.45,3088.0,1246.73,260710.0
2023-12-23,1188.65,3004.0,125.0,1303.16,3091.0,1250.3,261899.0
2023-12-24,1227.17,3012.0,108.0,1318.52,3172.0,1254.74,263126.0
2023-12-25,1258.74,3018.0,122.0,1297.86,3088.0,1260.64,264385.0
2023-12-26,1330.51,3250.0,106.0,1298.61,3114.0,1272.34,265715.0
2023-12-27,1330.44,3180.0,105.0,1288.31,3092.0,1278.12,267046.0
2023-12-28,1428.33,3481.0,127.0,1292.6,3124.0,1285.7,268474.0
2023-12-29,1343.63,3154.0,162.0,1301.07,3157.0,1290.15,269818.0
2023-12-30,1230.48,2966.0,126.0,1307.04,3152.0,1291.6,271048.0
2023-12-31,1184.61,2675.0,121.0,1300.96,3103.0,1288.48,272233.0
2024-01-01,1096.91,2470.0,98.0,1277.84,3025.0,1285.22,273330.0
2024-01-02,1111.58,2829.0,114.0,1246.57,2965.0,1282.69,274441.0
2024-01-03,1077.62,2419.0,105.0,1210.45,2856.0,1274.52,275519.0
2024-01-04,1027.25,2465.0,92.0,1153.15,2711.0,1263.33,276546.0
2024-01-05,1098.36,2280.0,90.0,1118.12,2586.0,1259.28,277645.0
2024-01-06,939.23,2134.0,99.0,1076.51,2467.0,1249.08,278584.0
2024-01-07,1023.46,2511.0,117.0,1053.49,2444.0,1239.17,279607.0
2024-01-08,1111.01,2756.0,124.0,1055.5,2485.0,1236.67,280718.0
2024-01-09,1063.13,2331.0,88.0,1048.58,2414.0,1231.95,281781.0
2024-01-10,1076.34,2410.0,75.0,1048.4,2412.0,1220.81,282858.0
2024-01-11,1110.34,2588.0,102.0,1060.27,2430.0,1211.98,283968.0
2024-01-12,1109.17,2701.0,96.0,1061.81,2490.0,1204.63,285077.0
2024-01-13,980.54,2276.0,87.0,1067.71,2510.0,1193.62,286058.0
2024-01-14,898.75,2122.0,95.0,1049.9,2455.0,1179.71,286957.0
2024-01-15,1076.85,2561.0,111.0,1045.02,2427.0,1175.22,288033.0
2024-01-16,1073.16,2651.0,96.0,1046.45,2473.0,1173.67,289107.0
2024-01-17,1117.63,2607.0,148.0,1052.35,2501.0,1164.15,290224.0
2024-01-18,1125.36,2647.0,113.0,1054.49,2509.0,1157.48,291350.0
2024-01-19,1058.62,2500.0,99.0,1047.27,2481.0,1146.02,292408.0
2024-01-20,918.68,2004.0,102.0,1038.44,2442.0,1130.03,293327.0
2024-01-21,970.07,2111.0,96.0,1048.62,2440.0,1119.55,294297.0
2024-01-22,1149.71,2980.0,123.0,1059.03,2500.0,1118.26,295447.0
2024-01-23,973.8,2204.0,88.0,1044.84,2436.0,1109.81,296420.0
2024-01-24,1125.29,2702.0,91.0,1045.93,2450.0,1105.36,297546.0
2024-01-25,1111.94,2761.0,95.0,1044.02,2466.0,1098.08,298658.0
2024-01-26,1049.52,2653.0,112.0,1042.72,2488.0,1088.71,299707.0
2024-01-27,988.2,2259.0,83.0,1052.65,2524.0,1074.04,300695.0
2024-01-28,929.53,2302.0,78.0,1046.86,2552.0,1060.24,301625.0
2024-01-29,1139.47,2506.0,126.0,1045.39,2484.0,1057.2,302764.0
2024-01-30,1129.06,2855.0,114.0,1067.57,2577.0,1055.35,303893.0
2024-01-31,1082.93,2556.0,100.0,1061.52,2556.0,1054.89,304976.0
2024-02-01,973.96,2405.0,122.0,1041.81,2505.0,1050.3,305950.0
2024-02-02,1018.65,2552.0,99.0,1037.4,2491.0,1048.33,306969.0
2024-02-03,867.58,2071.0,91.0,1020.17,2464.0,1043.01,307837.0
2024-02-04,877.31,2006.0,81.0,1012.71,2422.0,1035.64,308714.0
2024-02-05,974.67,2357.0,87.0,989.17,2400.0,1036.82,309689.0
2024-02-06,1052.21,2657.0,125.0,978.19,2372.0,1037.78,310741.0
2024-02-07,921.77,2151.0,96.0,955.16,2314.0,1031.47,311663.0
2024-02-08,1007.39,2396.0,80.0,959.94,2313.0,1029.62,312670.0
2024-02-09,946.13,2145.0,74.0,949.58,2255.0,1025.28,313616.0
2024-02-10,913.65,2205.0,87.0,956.16,2274.0,1018.72,314530.0
2024-02-11,954.29,2351.0,100.0,967.16,2323.0,1013.56,315484.0
2024-02-12,988.93,2545.0,101.0,969.2,2350.0,1013.84,316473.0
2024-02-13,963.94,2229.0,103.0,956.59,2289.0,1016.01,317437.0
2024-02-14,1000.7,2547.0,91.0,967.86,2345.0,1013.47,318438.0
2024-02-15,933.09,2356.0,97.0,957.25,2340.0,1008.8,319371.0
2024-02-16,964.21,2302.0,92.0,959.83,2362.0,1003.69,320335.0
2024-02-17,864.18,2039.0,77.0,952.76,2338.0,994.98,321199.0
2024-02-18,944.46,2160.0,82.0,951.36,2311.0,991.18,322144.0
2024-02-19,942.23,2277.0,73.0,944.69,2273.0,991.96,323086.0
2024-02-20,951.68,2211.0,89.0,942.94,2270.0,991.35,324037.0
2024-02-21,928.37,2193.0,86.0,932.6,2220.0,983.97,324966.0
2024-02-22,982.57,2011.0,73.0,939.67,2170.0,984.26,325948.0
2024-02-23,1012.81,2238.0,100.0,946.61,2161.0,980.51,326961.0
2024-02-24,982.68,2556.0,83.0,963.54,2235.0,976.21,327944.0
2024-02-25,886.84,2015.0,84.0,955.31,2214.0,970.78,328831.0
2024-02-26,1021.73,2364.0,103.0,966.67,2227.0,971.9,329852.0
2024-02-27,957.99,2316.0,106.0,967.57,2242.0,972.85,330810.0
2024-02-28,994.9,2339.0,71.0,977.07,2263.0,968.03,331805.0
2024-02-29,989.73,2404.0,86.0,978.1,2319.0,963.39,332795.0
2024-03-01,952.81,2444.0,85.0,969.53,2348.0,959.05,333748.0
2024-03-02,949.63,2109.0,62.0,964.8,2284.0,958.24,334697.0
2024-03-03,934.37,2081.0,86.0,971.59,2294.0,955.43,335632.0
2024-03-04,941.41,2285.0,113.0,960.12,2283.0,957.89,336573.0
2024-03-05,1058.82,2587.0,95.0,974.52,2321.0,963.94,337632.0
2024-03-06,981.57,2321.0,85.0,972.62,2319.0,964.17,338614.0
2024-03-07,986.35,2397.0,95.0,972.14,2318.0,961.97,339600.0
2024-03-08,966.5,2584.0,115.0,974.09,2338.0,963.47,340567.0
2024-03-09,889.48,2016.0,87.0,965.5,2324.0,959.53,341456.0
2024-03-10,940.57,2291.0,88.0,966.39,2354.0,959.35,342397.0
2024-03-11,972.66,2396.0,78.0,970.85,2370.0,961.32,343369.0
2024-03-12,956.31,2370.0,82.0,956.21,2339.0,961.38,344326.0
2024-03-13,979.88,2433.0,107.0,955.96,2355.0,961.08,345305.0
2024-03-14,1039.13,2586.0,84.0,963.5,2382.0,963.59,346345.0
2024-03-15,1017.67,2133.0,118.0,970.81,2318.0,964.15,347362.0
2024-03-16,856.88,1923.0,73.0,966.16,2305.0,961.61,348219.0
2024-03-17,900.82,2035.0,103.0,960.48,2268.0,959.5,349120.0
2024-03-18,959.13,2296.0,87.0,958.55,2254.0,962.67,350079.0
2024-03-19,889.7,2170.0,77.0,949.03,2225.0,960.84,350969.0
2024-03-20,1005.88,2594.0,122.0,952.74,2248.0,962.96,351975.0
2024-03-21,930.34,2240.0,72.0,937.2,2199.0,962.25,352905.0
2024-03-22,1039.09,2515.0,116.0,940.26,2253.0,965.94,353944.0
2024-03-23,898.48,2023.0,81.0,946.21,2268.0,963.14,354843.0
2024-03-24,852.74,1869.0,82.0,939.34,2244.0,957.8,355695.0
2024-03-25,975.24,2231.0,98.0,941.64,2235.0,957.56,356671.0
2024-03-26,1012.86,2441.0,116.0,959.23,2273.0,961.76,357683.0
2024-03-27,984.28,2018.0,82.0,956.15,2191.0,960.51,358668.0
2024-03-28,918.47,2138.0,99.0,954.45,2176.0,959.19,359586.0
2024-03-29,1030.76,2263.0,101.0,953.26,2140.0,960.39,360617.0
2024-03-30,895.42,2084.0,84.0,952.82,2149.0,957.24,361512.0
2024-03-31,865.39,1996.0,87.0,954.63,2167.0,954.33,362378.0
2024-04-01,1015.35,2545.0,105.0,960.36,2212.0,956.52,363393.0
2024-04-02,970.2,2155.0,94.0,954.27,2171.0,957.71,364363.0
2024-04-03,991.66,2266.0,80.0,955.32,2207.0,959.39,365355.0
2024-04-04,1002.2,2195.0,93.0,967.28,2215.0,957.5,366357.0
2024-04-05,1032.7,2413.0,70.0,967.56,2236.0,959.2,367390.0
2024-04-06,854.14,2113.0,79.0,961.66,2240.0,954.8,368244.0
2024-04-07,895.83,2082.0,87.0,966.01,2253.0,952.44,369140.0
2024-04-08,1033.03,2607.0,103.0,968.54,2262.0,957.23,370173.0
2024-04-09,971.97,2321.0,99.0,968.79,2285.0,958.27,371145.0
2024-04-10,1001.58,2415.0,110.0,970.21,2307.0,959.24,372146.0
2024-04-11,1003.85,2354.0,86.0,970.44,2329.0,960.82,373150.0
2024-04-12,928.1,2299.0,104.0,955.5,2313.0,959.1,374078.0
2024-04-13,864.82,1965.0,78.0,957.03,2292.0,953.29,374943.0
2024-04-14,898.2,2436.0,84.0,957.36,2342.0,949.3,375841.0
2024-04-15,1003.7,2351.0,92.0,953.17,2306.0,954.2,376845.0
2024-04-16,987.41,2351.0,93.0,955.38,2310.0,957.08,377832.0
2024-04-17,991.12,2204.0,89.0,953.89,2280.0,958.15,378824.0
2024-04-18,953.86,2214.0,113.0,946.74,2260.0,960.29,379777.0
2024-04-19,1023.41,2480.0,93.0,960.36,2286.0,960.87,380801.0
2024-04-20,922.79,1936.0,93.0,968.64,2282.0,960.62,381724.0
2024-04-21,947.05,2456.0,101.0,975.62,2285.0,957.55,382671.0
2024-04-22,968.35,2247.0,74.0,970.57,2270.0,959.88,383639.0
2024-04-23,1013.12,2551.0,92.0,974.24,2298.0,965.23,384652.0
2024-04-24,995.4,2370.0,120.0,974.85,2322.0,965.9,385648.0
2024-04-25,1028.67,2405.0,100.0,985.54,2349.0,966.43,386676.0
2024-04-26,904.67,2151.0,81.0,968.58,2302.0,963.77,387581.0
2024-04-27,928.32,2278.0,68.0,969.37,2351.0,964.1,388509.0
2024-04-28,923.94,2273.0,124.0,966.07,2325.0,960.54,389433.0
2024-04-29,977.03,2311.0,89.0,967.31,2334.0,963.26,390410.0
2024-04-30,940.21,2270.0,104.0,956.89,2294.0,965.76,391350.0
2024-05-01,958.8,2251.0,85.0,951.66,2277.0,963.87,392309.0
2024-05-02,962.74,2184.0,88.0,942.24,2245.0,963.62,393272.0
2024-05-03,1012.6,2249.0,114.0,957.66,2259.0,964.32,394285.0
2024-05-04,913.93,2056.0,98.0,955.61,2228.0,961.38,395198.0
2024-05-05,862.26,2020.0,89.0,946.8,2192.0,955.7,396061.0
2024-05-06,951.56,2069.0,78.0,943.16,2157.0,958.94,397012.0
2024-05-07,938.6,2146.0,66.0,942.93,2139.0,960.37,397951.0
2024-05-08,955.83,2247.0,115.0,942.5,2139.0,957.8,398907.0
2024-05-09,960.46,2145.0,86.0,942.18,2133.0,957.41,399867.0
2024-05-10,968.68,2208.0,93.0,935.9,2127.0,956.32,400836.0
2024-05-11,892.65,2203.0,86.0,932.86,2148.0,952.61,401728.0
2024-05-12,933.7,2236.0,92.0,943.07,2179.0,952.8,402662.0
2024-05-13,1009.09,2356.0,109.0,951.29,2220.0,957.61,403671.0
2024-05-14,940.26,2155.0,89.0,951.52,2221.0,959.01,404612.0
2024-05-15,1024.59,2455.0,103.0,961.35,2251.0,959.7,405636.0
2024-05-16,962.26,2356.0,108.0,961.6,2281.0,958.86,406598.0
2024-05-17,1068.07,2530.0,85.0,975.8,2327.0,961.43,407666.0
2024-05-18,895.87,2066.0,68.0,976.26,2308.0,959.5,408562.0
2024-05-19,837.7,2075.0,100.0,962.55,2285.0,953.31,409400.0
2024-05-20,1021.46,2388.0,74.0,964.32,2289.0,956.6,410421.0
2024-05-21,992.92,2613.0,106.0,971.84,2355.0,958.12,411414.0
2024-05-22,1012.9,2530.0,105.0,970.17,2365.0,959.61,412427.0
2024-05-23,983.05,2466.0,97.0,973.14,2381.0,958.61,413410.0
2024-05-24,979.8,2293.0,81.0,960.53,2347.0,958.09,414390.0
2024-05-25,854.6,2077.0,71.0,954.63,2349.0,952.28,415245.0
2024-05-26,870.7,1881.0,81.0,959.35,2321.0,951.15,416115.0
2024-05-27,967.86,2265.0,89.0,951.69,2304.0,952.47,417083.0
2024-05-28,950.5,2252.0,110.0,945.63,2252.0,953.36,418034.0
2024-05-29,1002.93,2311.0,85.0,944.21,2221.0,954.22,419037.0
2024-05-30,1018.0,2311.0,88.0,949.2,2199.0,956.81,420055.0
2024-05-31,987.97,2185.0,91.0,950.37,2183.0,957.78,421043.0
2024-06-01,869.23,2152.0,101.0,952.46,2194.0,954.67,421912.0
2024-06-02,913.83,2330.0,87.0,958.62,2258.0,951.38,422826.0
2024-06-03,1028.4,2565.0,76.0,967.27,2301.0,955.19,423854.0
2024-06-04,979.23,2321.0,79.0,971.37,2311.0,959.09,424833.0
2024-06-05,997.01,2259.0,95.0,970.52,2303.0,960.61,425830.0
2024-06-06,1006.32,2357.0,98.0,968.86,2310.0,962.86,426837.0
2024-06-07,1026.59,2593.0,104.0,974.37,2368.0,965.22,427863.0
2024-06-08,909.15,2161.0,97.0,980.08,2369.0,963.51,428772.0
2024-06-09,917.98,2021.0,60.0,980.67,2325.0,961.82,429690.0
2024-06-10,940.23,2312.0,103.0,968.07,2289.0,963.41,430631.0
2024-06-11,1045.94,2622.0,101.0,977.6,2332.0,967.15,431677.0
2024-06-12,954.62,2221.0,90.0,971.55,2327.0,965.33,432631.0
2024-06-13,979.24,2380.0,78.0,967.68,2330.0,966.63,433610.0
2024-06-14,1023.95,2382.0,137.0,967.3,2300.0,966.61,434634.0
2024-06-15,940.39,2180.0,90.0,971.76,2303.0,965.88,435575.0
2024-06-16,948.53,2377.0,137.0,976.13,2353.0,961.9,436523.0
2024-06-17,999.87,2465.0,87.0,984.65,2375.0,965.36,437523.0
2024-06-18,948.6,2165.0,99.0,970.74,2310.0,969.06,438472.0
2024-06-19,992.19,2363.0,112.0,976.11,2330.0,968.08,439464.0
2024-06-20,934.11,2235.0,99.0,969.66,2310.0,966.12,440398.0
2024-06-21,1037.96,2320.0,97.0,971.66,2301.0,966.96,441436.0
2024-06-22,818.93,2030.0,68.0,954.31,2279.0,961.49,442255.0
2024-06-23,906.8,2108.0,79.0,948.35,2241.0,959.06,443162.0
2024-06-24,970.32,2176.0,110.0,944.13,2200.0,962.91,444132.0
2024-06-25,1020.66,2420.0,87.0,954.42,2236.0,967.91,445153.0
2024-06-26,993.37,2513.0,118.0,954.59,2257.0,968.76,446146.0
2024-06-27,1024.9,2439.0,97.0,967.56,2287.0,971.24,447171.0
2024-06-28,1025.17,2316.0,96.0,965.74,2286.0,971.98,448196.0
2024-06-29,931.4,2263.0,115.0,981.8,2319.0,969.1,449128.0
2024-06-30,899.91,2037.0,77.0,980.82,2309.0,966.16,450028.0
2024-07-01,619.89,1482.0,55.0,930.76,2210.0,957.85,450647.0
2024-07-02,606.58,1439.0,63.0,871.6,2070.0,947.61,451254.0
2024-07-03,634.88,1544.0,49.0,820.39,1931.0,934.49,451889.0
2024-07-04,585.28,1383.0,54.0,757.59,1781.0,921.36,452474.0
2024-07-05,645.05,1458.0,60.0,703.28,1658.0,909.63,453119.0
2024-07-06,561.0,1408.0,55.0,650.37,1536.0,894.78,453680.0
2024-07-07,569.74,1359.0,32.0,603.2,1439.0,879.55,454250.0
2024-07-08,627.8,1576.0,69.0,604.33,1452.0,870.18,454878.0
2024-07-09,649.28,1607.0,61.0,610.43,1476.0,861.22,455527.0
2024-07-10,646.94,1602.0,66.0,612.16,1485.0,851.44,456174.0
2024-07-11,635.5,1511.0,56.0,619.33,1503.0,837.76,456809.0
2024-07-12,643.07,1554.0,53.0,619.05,1517.0,827.38,457453.0
2024-07-13,506.78,1108.0,49.0,611.3,1474.0,811.63,457959.0
2024-07-14,584.82,1399.0,55.0,613.46,1480.0,796.99,458544.0
2024-07-15,591.75,1490.0,52.0,608.31,1467.0,785.37,459136.0
2024-07-16,626.41,1479.0,63.0,605.04,1449.0,774.63,459762.0
2024-07-17,647.18,1446.0,55.0,605.07,1427.0,762.88,460409.0
2024-07-18,636.53,1453.0,55.0,605.22,1418.0,752.47,461046.0
2024-07-19,620.99,1332.0,54.0,602.07,1387.0,740.1,461667.0
2024-07-20,616.17,1574.0,57.0,617.69,1453.0,729.5,462283.0
2024-07-21,558.72,1337.0,66.0,613.96,1444.0,713.53,462842.0
2024-07-22,656.7,1648.0,57.0,623.24,1467.0,708.12,463499.0
2024-07-23,617.34,1343.0,76.0,621.95,1448.0,698.47,464116.0
2024-07-24,665.21,1573.0,63.0,624.52,1466.0,688.3,464781.0
2024-07-25,663.9,1500.0,78.0,628.43,1472.0,676.41,465445.0
2024-07-26,644.34,1415.0,54.0,631.77,1484.0,664.77,466089.0
2024-07-27,633.0,1382.0,47.0,634.17,1457.0,651.71,466722.0
2024-07-28,551.25,1274.0,49.0,633.11,1448.0,635.91,467274.0
2024-07-29,594.91,1341.0,51.0,624.28,1404.0,624.7,467869.0
2024-07-30,605.49,1456.0,58.0,622.59,1420.0,614.88,468474.0
2024-07-31,588.43,1441.0,62.0,611.62,1401.0,613.83,469062.0
2024-08-01,652.39,1579.0,60.0,609.97,1413.0,615.36,469715.0
2024-08-02,596.0,1543.0,48.0,603.07,1431.0,614.07,470311.0
2024-08-03,625.08,1491.0,54.0,601.94,1446.0,615.39,470936.0
2024-08-04,572.94,1330.0,58.0,605.03,1454.0,612.99,471509.0
2024-08-05,630.55,1467.0,55.0,610.13,1472.0,615.31,472139.0
2024-08-06,656.27,1597.0,50.0,617.38,1493.0,618.19,472796.0
2024-08-07,609.11,1473.0,77.0,620.33,1497.0,617.57,473405.0
2024-08-08,639.27,1521.0,61.0,618.46,1489.0,617.23,474044.0
2024-08-09,657.33,1566.0,65.0,627.22,1492.0,617.58,474701.0
2024-08-10,559.22,1264.0,58.0,617.81,1460.0,615.04,475261.0
2024-08-11,555.59,1173.0,54.0,615.33,1437.0,612.12,475816.0
2024-08-12,697.66,1762.0,74.0,624.92,1479.0,618.49,476514.0
2024-08-13,603.99,1552.0,57.0,617.45,1473.0,619.12,477118.0
2024-08-14,657.1,1582.0,86.0,624.31,1489.0,621.3,477775.0
2024-08-15,632.57,1470.0,52.0,623.35,1481.0,621.51,478408.0
2024-08-16,626.15,1317.0,52.0,618.9,1446.0,620.81,479034.0
2024-08-17,551.97,1269.0,51.0,617.86,1446.0,617.99,479586.0
2024-08-18,634.62,1632.0,66.0,629.15,1512.0,618.44,480220.0
2024-08-19,689.68,1635.0,55.0,628.01,1494.0,620.89,480910.0
2024-08-20,645.85,1478.0,72.0,633.99,1483.0,623.8,481556.0
2024-08-21,638.41,1613.0,73.0,631.32,1488.0,623.19,482194.0
2024-08-22,625.13,1598.0,62.0,630.26,1506.0,623.45,482819.0
2024-08-23,607.56,1428.0,60.0,627.6,1522.0,621.53,483427.0
2024-08-24,598.59,1470.0,49.0,634.26,1551.0,619.35,484026.0
2024-08-25,560.22,1238.0,36.0,623.63,1494.0,616.54,484586.0
2024-08-26,662.54,1443.0,49.0,619.76,1467.0,617.53,485248.0
2024-08-27,637.01,1389.0,44.0,618.49,1454.0,620.39,485885.0
2024-08-28,603.88,1521.0,66.0,613.56,1441.0,620.69,486489.0
2024-08-29,608.64,1350.0,55.0,611.21,1406.0,620.79,487098.0
2024-08-30,610.6,1417.0,48.0,611.64,1404.0,621.53,487708.0
2024-08-31,600.11,1448.0,73.0,611.86,1401.0,619.79,488309.0
2024-09-01,955.53,2200.0,99.0,668.33,1538.0,631.77,489264.0
2024-09-02,1091.51,2767.0,114.0,729.61,1727.0,647.32,490356.0
2024-09-03,1072.46,2793.0,114.0,791.82,1928.0,663.97,491428.0
2024-09-04,1171.24,2792.0,116.0,872.87,2110.0,681.99,492599.0
2024-09-05,1004.81,2422.0,101.0,929.47,2263.0,693.61,493604.0
2024-09-06,1151.95,2787.0,126.0,1006.8,2458.0,711.71,494756.0
2024-09-07,1002.14,2428.0,85.0,1064.23,2598.0,723.8,495758.0
2024-09-08,907.43,2114.0,80.0,1057.36,2586.0,732.14,496666.0
2024-09-09,1072.73,2557.0,104.0,1054.68,2556.0,749.26,497738.0
2024-09-10,1109.23,2535.0,101.0,1059.93,2519.0,767.71,498848.0
2024-09-11,1103.12,2675.0,102.0,1050.2,2503.0,781.23,499951.0
2024-09-12,1094.71,2765.0,138.0,1063.04,2552.0,797.58,501045.0
2024-09-13,1066.32,2421.0,89.0,1050.81,2499.0,811.22,502112.0
2024-09-14,1010.5,2352.0,78.0,1052.01,2488.0,823.82,503122.0
2024-09-15,915.75,2378.0,100.0,1053.19,2526.0,833.47,504038.0
2024-09-16,1133.16,2758.0,107.0,1061.83,2555.0,852.85,505171.0
2024-09-17,1118.08,2551.0,131.0,1063.09,2557.0,868.96,506289.0
2024-09-18,1099.79,2544.0,104.0,1062.62,2538.0,882.63,507389.0
2024-09-19,1147.64,2811.0,100.0,1070.18,2545.0,899.36,508537.0
2024-09-20,1053.0,2591.0,102.0,1068.27,2569.0,913.18,509590.0
2024-09-21,960.14,2221.0,75.0,1061.08,2551.0,924.35,510550.0
2024-09-22,961.4,2130.0,67.0,1067.6,2515.0,936.14,511511.0
2024-09-23,1099.05,2483.0,116.0,1062.73,2476.0,952.82,512610.0
2024-09-24,1066.29,2515.0,107.0,1055.33,2471.0,969.69,513676.0
2024-09-25,1050.42,2623.0,106.0,1048.28,2482.0,982.62,514727.0
2024-09-26,1134.96,2603.0,110.0,1046.47,2452.0,999.22,515862.0
2024-09-27,1065.62,2354.0,95.0,1048.27,2418.0,1014.61,516927.0
2024-09-28,992.87,2431.0,101.0,1052.94,2448.0,1027.42,517920.0
2024-09-29,1045.43,2710.0,92.0,1064.95,2531.0,1041.91,518966.0
2024-09-30,1190.46,2705.0,141.0,1078.01,2563.0,1061.59,520156.0
2024-10-01,953.99,2294.0,101.0,1061.96,2531.0,1061.54,521110.0
2024-10-02,984.25,2378.0,106.0,1052.51,2496.0,1057.96,522094.0
2024-10-03,948.58,2240.0,80.0,1025.89,2445.0,1053.84,523043.0
2024-10-04,928.12,2162.0,92.0,1006.24,2417.0,1045.73,523971.0
2024-10-05,843.17,1832.0,79.0,984.86,2332.0,1040.34,524814.0
2024-10-06,906.09,2041.0,85.0,964.95,2236.0,1032.15,525720.0
2024-10-07,1010.75,2335.0,95.0,939.28,2183.0,1032.44,526731.0
2024-10-08,1037.76,2559.0,90.0,951.25,2221.0,1036.78,527769.0
2024-10-09,957.86,2136.0,86.0,947.48,2186.0,1032.95,528727.0
2024-10-10,893.03,2345.0,92.0,939.54,2201.0,1025.74,529620.0
2024-10-11,964.46,2226.0,98.0,944.73,2211.0,1021.12,530584.0
2024-10-12,865.19,2151.0,98.0,947.88,2256.0,1013.47,531449.0
2024-10-13,964.2,2499.0,110.0,956.18,2322.0,1010.07,532414.0
2024-10-14,927.74,2161.0,70.0,944.32,2297.0,1007.31,533341.0
2024-10-15,959.81,2576.0,89.0,933.18,2299.0,1008.78,534301.0
2024-10-16,954.64,2307.0,76.0,932.72,2324.0,1002.83,535256.0
2024-10-17,954.25,2224.0,75.0,941.47,2306.0,997.37,536210.0
2024-10-18,1005.98,2444.0,99.0,947.4,2337.0,994.24,537216.0
2024-10-19,908.7,2080.0,76.0,953.62,2327.0,986.27,538125.0
2024-10-20,938.76,2217.0,94.0,949.98,2287.0,982.47,539064.0
2024-10-21,953.96,2173.0,90.0,953.73,2289.0,982.26,540018.0
2024-10-22,1064.15,2675.0,104.0,968.63,2303.0,985.68,541082.0
2024-10-23,1015.28,2335.0,97.0,977.3,2307.0,982.89,542097.0
2024-10-24,989.74,2228.0,112.0,982.37,2307.0,980.34,543087.0
2024-10-25,1019.83,2381.0,112.0,984.35,2298.0,979.32,544107.0
2024-10-26,913.81,2289.0,80.0,985.08,2328.0,971.95,545020.0
2024-10-27,844.13,2086.0,73.0,971.56,2310.0,964.57,545864.0
2024-10-28,1001.17,2278.0,99.0,978.3,2325.0,964.84,546866.0
2024-10-29,1038.72,2410.0,94.0,974.67,2287.0,964.62,547904.0
2024-10-30,1080.8,2722.0,118.0,984.03,2342.0,960.96,548985.0
2024-10-31,964.33,2231.0,102.0,980.4,2342.0,961.31,549949.0
2024-11-01,1180.33,2723.0,115.0,1003.33,2391.0,967.84,551130.0
2024-11-02,1091.14,2700.0,100.0,1028.66,2450.0,972.6,552221.0
2024-11-03,1092.14,2723.0,96.0,1064.09,2541.0,978.06,553313.0
2024-11-04,1150.66,2497.0,108.0,1085.45,2572.0,988.31,554464.0
2024-11-05,1272.06,3186.0,119.0,1118.78,2683.0,1000.51,555736.0
2024-11-06,1189.61,2900.0,84.0,1134.32,2709.0,1006.47,556925.0
2024-11-07,1170.59,2637.0,96.0,1163.79,2767.0,1010.9,558096.0
2024-11-08,1218.77,2815.0,115.0,1169.28,2780.0,1019.6,559315.0
2024-11-09,1059.63,2593.0,130.0,1164.78,2764.0,1025.15,560374.0
2024-11-10,1046.32,2542.0,96.0,1158.23,2739.0,1027.88,561421.0
2024-11-11,1167.55,2584.0,99.0,1160.65,2751.0,1037.96,562588.0
2024-11-12,1226.2,2837.0,149.0,1154.1,2701.0,1046.69,563814.0
2024-11-13,1140.49,2696.0,102.0,1147.08,2672.0,1053.79,564955.0
2024-11-14,1181.25,2893.0,132.0,1148.6,2709.0,1061.17,566136.0
2024-11-15,1173.79,2772.0,92.0,1142.18,2702.0,1068.47,567310.0
2024-11-16,1095.91,2631.0,89.0,1147.36,2708.0,1073.19,568406.0
2024-11-17,1034.25,2476.0,116.0,1145.63,2698.0,1074.14,569440.0
2024-11-18,1216.94,2831.0,110.0,1152.69,2734.0,1084.41,570657.0
2024-11-19,1151.8,2931.0,102.0,1142.06,2747.0,1091.51,571809.0
2024-11-20,1240.73,2955.0,105.0,1156.38,2784.0,1101.07,573050.0
2024-11-21,1189.58,2544.0,110.0,1157.57,2734.0,1105.25,574239.0
2024-11-22,1263.82,3112.0,152.0,1170.43,2783.0,1113.54,575503.0
2024-11-23,1108.34,2840.0,121.0,1172.21,2813.0,1117.49,576611.0
2024-11-24,1059.62,2756.0,93.0,1175.83,2853.0,1118.82,577671.0
2024-11-25,1163.33,2667.0,122.0,1168.17,2829.0,1127.13,578834.0
2024-11-26,1232.94,3145.0,115.0,1179.77,2860.0,1140.09,580067.0
2024-11-27,1161.59,2818.0,124.0,1168.46,2840.0,1145.44,581229.0
2024-11-28,1207.2,2928.0,119.0,1170.98,2895.0,1151.06,582436.0
2024-11-29,1210.54,2712.0,130.0,1163.37,2838.0,1155.38,583647.0
2024-11-30,1024.41,2498.0,99.0,1151.38,2789.0,1157.38,584671.0
2024-12-01,1317.54,3394.0,127.0,1188.22,2880.0,1161.96,585989.0
2024-12-02,1338.32,3055.0,112.0,1213.22,2936.0,1170.2,587327.0
2024-12-03,1406.16,3221.0,152.0,1237.97,2947.0,1180.66,588733.0
2024-12-04,1258.14,3003.0,133.0,1251.76,2973.0,1184.25,589991.0
2024-12-05,1369.18,3288.0,123.0,1274.9,3024.0,1187.48,591360.0
2024-12-06,1264.85,2980.0,130.0,1282.66,3063.0,1189.99,592625.0
2024-12-07,1200.79,2893.0,114.0,1307.85,3119.0,1191.0,593826.0
2024-12-08,1148.51,2625.0,90.0,1283.71,3009.0,1188.66,594975.0
2024-12-09,1378.22,3239.0,155.0,1289.41,3036.0,1199.28,596353.0
2024-12-10,1315.78,3531.0,144.0,1276.5,3080.0,1208.26,597669.0
2024-12-11,1359.75,3335.0,135.0,1291.01,3127.0,1214.67,599028.0
2024-12-12,1330.19,3110.0,129.0,1285.44,3102.0,1218.13,600358.0
2024-12-13,1297.6,2950.0,107.0,1290.12,3098.0,1223.37,601656.0
2024-12-14,1108.25,2766.0,96.0,1276.9,3079.0,1220.94,602764.0
2024-12-15,1225.98,2828.0,112.0,1287.97,3108.0,1222.68,603990.0
2024-12-16,1286.17,3045.0,130.0,1274.82,3081.0,1229.02,605276.0
2024-12-17,1305.05,3160.0,140.0,1273.28,3028.0,1238.04,606582.0
2024-12-18,1416.57,3169.0,133.0,1281.4,3004.0,1244.7,607998.0
2024-12-19,1393.41,3376.0,179.0,1290.43,3042.0,1252.75,609391.0
2024-12-20,1290.07,3318.0,159.0,1289.36,3095.0,1254.4,610682.0
2024-12-21,1311.64,3338.0,112.0,1318.41,3176.0,1258.47,611993.0
2024-12-22,1168.45,2779.0,114.0,1310.19,3169.0,1255.29,613162.0
2024-12-23,1365.88,3235.0,114.0,1321.58,3196.0,1263.87,614528.0
2024-12-24,1386.85,3472.0,139.0,1333.27,3241.0,1274.78,615914.0
2024-12-25,1250.54,2878.0,130.0,1309.55,3199.0,1277.69,617165.0
2024-12-26,1354.25,3261.0,124.0,1303.95,3183.0,1281.73,618519.0
2024-12-27,1251.06,3104.0,134.0,1298.38,3152.0,1284.71,619770.0
2024-12-28,1240.02,2987.0,106.0,1288.15,3102.0,1285.81,621010.0
2024-12-29,1276.31,3103.0,149.0,1303.56,3149.0,1288.0,622287.0
2024-12-30,1314.39,3138.0,109.0,1296.2,3135.0,1297.66,623601.0
2024-12-31,1392.84,3393.0,136.0,1297.06,3123.0,1300.17,624994.0
