livraison_id,client_id,transporteur_id,pays_origine,pays_destination,date_creation,date_livraison_prevue,priorite,type_colis,poids_kg,sla_jours_contractuel,risque_douanier,taux_breach_transporteur,taux_breach_corridor,score_risque,alerte_retard,niveau_urgence
LIV000051,CLI030,TRP05,Mali,Ghana,2023-12-22,2024-01-01,Standard,Alimentaire,95.7,10,Élevé,0.4228541337546077,0.942115768463074,0.9700642844995228,1,Critique
LIV001691,CLI013,TRP12,Côte d'Ivoire,Sénégal,2023-12-22,2024-01-01,Standard,Documents,14.2,10,Faible,0.4282715185444367,0.812133072407045,0.9699830958555017,1,Critique
LIV006129,CLI008,TRP12,Côte d'Ivoire,Ghana,2023-12-29,2024-01-01,Standard,Électronique,15.1,3,Faible,0.4282715185444367,0.7536231884057971,0.9686771307288736,1,Critique
LIV003348,CLI025,TRP06,Mali,Ghana,2023-12-28,2024-01-02,Urgent,Industriel,66.1,5,Élevé,0.4110563765736179,0.942115768463074,0.9655192281914015,1,Critique
LIV003938,CLI028,TRP05,Mali,Ghana,2023-12-31,2024-01-13,Express,Industriel,80.4,13,Élevé,0.4228541337546077,0.942115768463074,0.9590127347858061,1,Critique
LIV007385,CLI010,TRP03,Mali,Ghana,2023-12-31,2024-01-10,Standard,Textile,3.9,10,Élevé,0.3722794959908362,0.942115768463074,0.9502995004337355,1,Critique
LIV001118,CLI012,TRP12,Cameroun,Ghana,2023-12-08,2023-12-18,Standard,Cosmétique,67.6,10,Moyen,0.4282715185444367,0.8565573770491803,0.9364360053252531,1,Critique
LIV000539,CLI025,TRP11,Cameroun,Côte d'Ivoire,2023-12-07,2023-12-12,Urgent,Électronique,27.6,5,Moyen,0.3831877729257641,0.7008196721311475,0.9138635096496052,1,Critique
LIV010980,CLI002,TRP06,Ghana,Mali,2023-12-31,2024-01-05,Urgent,Alimentaire,3.1,5,Élevé,0.4110563765736179,0.7423076923076923,0.9030724909319243,1,Critique
LIV004096,CLI025,TRP04,Cameroun,Ghana,2023-12-25,2023-12-31,Express,Cosmétique,10.0,6,Moyen,0.3818807339449541,0.8565573770491803,0.9019612635180558,1,Critique
LIV010148,CLI027,TRP05,Ghana,Mali,2023-12-29,2024-01-05,Standard,Textile,2.7,7,Élevé,0.4228541337546077,0.7423076923076923,0.8915705359503547,1,Critique
LIV010411,CLI029,TRP13,Cameroun,Côte d'Ivoire,2023-12-31,2024-01-10,Standard,Pharmaceutique,235.7,10,Moyen,0.3919915700737618,0.7008196721311475,0.88212217031584,1,Critique
LIV006780,CLI016,TRP02,Cameroun,Côte d'Ivoire,2023-12-31,2024-01-10,Standard,Documents,13.1,10,Moyen,0.3982398239823982,0.7008196721311475,0.8764910191675921,1,Critique
LIV013536,CLI010,TRP10,Ghana,Mali,2023-12-31,2024-01-10,Standard,Cosmétique,39.1,10,Élevé,0.3784683684794672,0.7423076923076923,0.8755623086642328,1,Critique
LIV002193,CLI020,TRP06,Mali,Ghana,2023-12-15,2024-01-05,Standard,Documents,229.8,21,Élevé,0.4110563765736179,0.942115768463074,0.8577621977889159,1,Critique
LIV002847,CLI012,TRP10,Burkina Faso,Côte d'Ivoire,2023-12-25,2024-01-03,Express,Textile,97.5,9,Élevé,0.3784683684794672,0.709349593495935,0.8563627914731105,1,Critique
LIV000618,CLI026,TRP03,Mali,Ghana,2023-12-21,2024-01-02,Urgent,Textile,399.7,12,Élevé,0.3722794959908362,0.942115768463074,0.8528298386615398,1,Critique
LIV009244,CLI011,TRP05,Ghana,Mali,2023-12-29,2024-01-08,Standard,Documents,8.4,10,Élevé,0.4228541337546077,0.7423076923076923,0.8510511953234012,1,Critique
LIV007119,CLI021,TRP07,Côte d'Ivoire,Sénégal,2023-12-26,2024-01-08,Express,Documents,218.5,13,Faible,0.3719862227324914,0.812133072407045,0.8476238113564513,1,Critique
LIV009081,CLI022,TRP04,Mali,Ghana,2023-12-11,2024-01-01,Standard,Textile,43.1,21,Élevé,0.3818807339449541,0.942115768463074,0.8288076955932615,1,Critique
LIV006762,CLI029,TRP05,Cameroun,Mali,2023-12-31,2024-01-09,Express,Documents,54.2,9,Élevé,0.4228541337546077,0.5979591836734693,0.8198245827932145,1,Critique
LIV003873,CLI027,TRP13,Cameroun,Mali,2023-12-26,2024-01-02,Standard,Textile,130.8,7,Élevé,0.3919915700737618,0.5979591836734693,0.8136170362548604,1,Critique
LIV013125,CLI012,TRP08,Burkina Faso,Ghana,2023-12-28,2024-01-07,Standard,Pharmaceutique,10.1,10,Élevé,0.3245033112582781,0.6782786885245902,0.810651910416172,1,Critique
LIV011592,CLI006,TRP13,Sénégal,Burkina Faso,2023-12-30,2024-01-06,Standard,Cosmétique,155.4,7,Élevé,0.3919915700737618,0.562,0.80809682064046,1,Critique
LIV001385,CLI020,TRP10,Mali,Ghana,2023-12-25,2024-01-15,Standard,Textile,8.4,21,Élevé,0.3784683684794672,0.942115768463074,0.7744117792365377,1,Critique
LIV012671,CLI030,TRP13,Cameroun,Mali,2023-12-29,2024-01-08,Standard,Électronique,114.1,10,Élevé,0.3919915700737618,0.5979591836734693,0.7244649296279393,1,Élevé
LIV002043,CLI015,TRP02,Burkina Faso,Mali,2023-12-31,2024-01-07,Standard,Alimentaire,14.8,7,Élevé,0.3982398239823982,0.3752345215759849,0.5989781528945674,1,Élevé
LIV009183,CLI007,TRP10,Cameroun,Mali,2023-12-29,2024-01-13,Standard,Cosmétique,69.6,14,Élevé,0.3784683684794672,0.5979591836734693,0.4894660847609911,1,Modéré
LIV009369,CLI020,TRP04,Cameroun,Ghana,2023-12-25,2024-01-15,Standard,Documents,90.7,21,Moyen,0.3818807339449541,0.8565573770491803,0.45734072224976047,1,Modéré
LIV011505,CLI022,TRP14,Côte d'Ivoire,Sénégal,2023-12-31,2024-01-21,Standard,Cosmétique,117.0,21,Faible,0.3697104677060133,0.812133072407045,0.4239201786980883,1,Modéré
