id_commande,date_commande,id_medicament,id_fournisseur,quantite_commandee,montant_total_euro,statut,date_livraison_reelle,retard_jours
CMD0001,2022-01-02,MED004,FRN001,90,135.0,Livrée,2022-01-05,0.0
CMD0002,2022-01-05,MED024,FRN001,193,6755.0,Annulée,,
CMD0003,2022-01-01,MED003,FRN005,128,153.6,Livrée,2022-01-05,0.0
CMD0004,2022-01-01,MED007,FRN002,149,1266.5,En cours,,
CMD0005,2022-01-05,MED018,FRN002,186,651.0,Annulée,,
CMD0006,2022-01-03,MED014,FRN002,134,2948.0,En cours,,
CMD0007,2022-01-03,MED001,FRN002,198,495.0,Livrée,2022-01-11,1.0
CMD0008,2022-01-01,MED005,FRN002,106,339.2,Livrée,2022-01-10,2.0
CMD0009,2022-01-03,MED004,FRN003,108,162.0,En cours,,
CMD0010,2022-01-11,MED002,FRN004,157,125.6,Livrée,2022-01-31,0.0
CMD0011,2022-01-14,MED018,FRN003,180,630.0,En cours,,
CMD0012,2022-01-08,MED012,FRN005,69,1276.5,Annulée,,
CMD0013,2022-01-14,MED002,FRN002,94,75.2,Livrée,2022-01-21,0.0
CMD0014,2022-01-13,MED004,FRN004,91,136.5,Livrée,2022-02-04,1.0
CMD0015,2022-01-13,MED006,FRN003,110,308.0,Livrée,2022-01-24,1.0
CMD0016,2022-01-09,MED023,FRN001,175,14875.0,Annulée,,
CMD0017,2022-01-11,MED018,FRN002,61,213.5,Livrée,2022-01-19,1.0
CMD0018,2022-01-10,MED021,FRN005,76,83.6,Annulée,,
CMD0019,2022-01-14,MED025,FRN001,78,296.4,Livrée,2022-01-18,1.0
CMD0020,2022-01-20,MED009,FRN001,74,133.2,En cours,,
CMD0021,2022-01-18,MED011,FRN002,187,2244.0,Livrée,2022-01-27,2.0
CMD0022,2022-01-20,MED005,FRN003,55,176.0,Livrée,2022-02-02,3.0
CMD0023,2022-01-19,MED018,FRN003,169,591.5,Livrée,2022-01-31,2.0
CMD0024,2022-01-18,MED012,FRN002,55,1017.5,En cours,,
CMD0025,2022-01-20,MED003,FRN001,48,57.6,Livrée,2022-01-23,0.0
CMD0026,2022-01-18,MED022,FRN004,172,154.8,Livrée,2022-02-10,2.0
CMD0027,2022-01-28,MED015,FRN005,84,462.0,En cours,,
CMD0028,2022-01-28,MED001,FRN001,194,485.0,En cours,,
CMD0029,2022-01-25,MED009,FRN003,48,86.4,Livrée,2022-02-04,0.0
CMD0030,2022-01-28,MED015,FRN001,87,478.5,En cours,,
CMD0031,2022-01-24,MED006,FRN005,47,131.6,Annulée,,
CMD0032,2022-01-23,MED021,FRN005,175,192.5,Livrée,2022-01-29,1.0
CMD0033,2022-01-22,MED025,FRN002,158,600.4,En cours,,
CMD0034,2022-01-22,MED020,FRN003,145,464.0,Livrée,2022-02-02,1.0
CMD0035,2022-02-02,MED010,FRN002,34,142.8,Livrée,2022-02-08,0.0
CMD0036,2022-02-04,MED003,FRN004,37,44.4,En cours,,
CMD0037,2022-02-02,MED005,FRN002,188,601.6,Livrée,2022-02-09,0.0
CMD0038,2022-01-30,MED009,FRN005,175,315.0,Livrée,2022-02-07,3.0
CMD0039,2022-02-03,MED025,FRN002,99,376.2,Livrée,2022-02-11,1.0
CMD0040,2022-01-30,MED015,FRN005,135,742.5,Livrée,2022-02-04,0.0
CMD0041,2022-02-02,MED003,FRN003,25,30.0,En cours,,
CMD0042,2022-01-29,MED008,FRN005,76,3420.0,Livrée,2022-02-02,0.0
CMD0043,2022-01-29,MED008,FRN001,28,1260.0,Livrée,2022-02-04,3.0
CMD0044,2022-01-30,MED008,FRN003,191,8595.0,Livrée,2022-02-12,3.0
CMD0045,2022-02-06,MED024,FRN005,167,5845.0,Livrée,2022-02-13,2.0
CMD0046,2022-02-10,MED014,FRN002,44,968.0,Livrée,2022-02-19,2.0
CMD0047,2022-02-11,MED012,FRN004,125,2312.5,Livrée,2022-03-03,0.0
CMD0048,2022-02-10,MED022,FRN001,35,31.5,Livrée,2022-02-14,1.0
CMD0049,2022-02-09,MED004,FRN002,69,103.5,Livrée,2022-02-18,2.0
CMD0050,2022-02-13,MED014,FRN002,91,2002.0,Livrée,2022-02-19,0.0
CMD0051,2022-02-17,MED015,FRN005,45,247.5,Livrée,2022-02-25,3.0
CMD0052,2022-02-15,MED001,FRN001,80,200.0,Livrée,2022-02-20,2.0
CMD0053,2022-02-13,MED016,FRN002,122,353.8,Livrée,2022-02-22,2.0
CMD0054,2022-02-14,MED001,FRN004,87,217.5,Livrée,2022-03-09,2.0
CMD0055,2022-02-22,MED024,FRN005,189,6615.0,Annulée,,
CMD0056,2022-02-19,MED005,FRN002,95,304.0,Livrée,2022-03-01,3.0
CMD0057,2022-02-21,MED024,FRN005,35,1225.0,Annulée,,
CMD0058,2022-02-23,MED002,FRN001,169,135.2,Livrée,2022-03-01,3.0
CMD0059,2022-02-25,MED006,FRN001,150,420.0,Livrée,2022-02-28,0.0
CMD0060,2022-02-25,MED003,FRN005,37,44.4,Annulée,,
CMD0061,2022-02-20,MED008,FRN004,50,2250.0,En cours,,
CMD0062,2022-02-19,MED019,FRN005,30,144.0,En cours,,
CMD0063,2022-02-21,MED014,FRN005,164,3608.0,En cours,,
CMD0064,2022-03-01,MED007,FRN003,81,688.5,Livrée,2022-03-11,0.0
CMD0065,2022-03-04,MED022,FRN003,137,123.3,Livrée,2022-03-13,0.0
CMD0066,2022-02-26,MED001,FRN004,179,447.5,En cours,,
CMD0067,2022-02-28,MED003,FRN005,74,88.8,En cours,,
CMD0068,2022-02-28,MED005,FRN003,37,118.4,Livrée,2022-03-11,1.0
CMD0069,2022-02-28,MED006,FRN004,159,445.2,Annulée,,
CMD0070,2022-03-11,MED021,FRN005,22,24.2,Annulée,,
CMD0071,2022-03-06,MED018,FRN003,189,661.5,Livrée,2022-03-17,1.0
CMD0072,2022-03-07,MED004,FRN001,161,241.5,Livrée,2022-03-11,1.0
CMD0073,2022-03-10,MED020,FRN002,107,342.4,Livrée,2022-03-18,1.0
CMD0074,2022-03-05,MED017,FRN004,84,344.4,Livrée,2022-03-28,2.0
CMD0075,2022-03-11,MED009,FRN001,20,36.0,Livrée,2022-03-14,0.0
CMD0076,2022-03-08,MED021,FRN003,61,67.1,Annulée,,
CMD0077,2022-03-05,MED018,FRN004,163,570.5,Livrée,2022-03-25,0.0
CMD0078,2022-03-16,MED005,FRN005,29,92.8,Livrée,2022-03-24,3.0
CMD0079,2022-03-14,MED005,FRN004,52,166.4,Livrée,2022-04-05,1.0
CMD0080,2022-03-13,MED002,FRN003,73,58.4,Annulée,,
CMD0081,2022-03-18,MED022,FRN001,110,99.0,En cours,,
CMD0082,2022-03-18,MED014,FRN005,59,1298.0,Livrée,2022-03-23,0.0
CMD0083,2022-03-17,MED006,FRN004,26,72.8,Livrée,2022-04-08,1.0
CMD0084,2022-03-18,MED014,FRN002,88,1936.0,Livrée,2022-03-24,0.0
CMD0085,2022-03-13,MED013,FRN001,140,952.0,Livrée,2022-03-18,2.0
CMD0086,2022-03-12,MED012,FRN003,78,1443.0,Livrée,2022-03-22,0.0
CMD0087,2022-03-21,MED011,FRN003,37,444.0,Livrée,2022-04-03,3.0
CMD0088,2022-03-19,MED013,FRN005,104,707.2,Livrée,2022-03-25,1.0
CMD0089,2022-03-19,MED006,FRN005,87,243.6,Livrée,2022-03-27,3.0
CMD0090,2022-03-23,MED014,FRN003,100,2200.0,Livrée,2022-04-05,3.0
CMD0091,2022-03-21,MED004,FRN004,167,250.5,Livrée,2022-04-10,0.0
CMD0092,2022-03-25,MED023,FRN004,20,1700.0,En cours,,
CMD0093,2022-03-19,MED018,FRN002,113,395.5,Livrée,2022-03-27,1.0
CMD0094,2022-03-28,MED011,FRN001,96,1152.0,En cours,,
CMD0095,2022-03-31,MED022,FRN004,103,92.7,Livrée,2022-04-22,1.0
CMD0096,2022-03-31,MED018,FRN002,69,241.5,Livrée,2022-04-09,2.0
CMD0097,2022-03-28,MED022,FRN002,177,159.3,En cours,,
CMD0098,2022-03-28,MED013,FRN005,20,136.0,Livrée,2022-04-02,0.0
CMD0099,2022-03-28,MED014,FRN005,175,3850.0,Annulée,,
CMD0100,2022-03-27,MED015,FRN004,133,731.5,Annulée,,
CMD0101,2022-03-26,MED017,FRN004,63,258.3,Annulée,,
CMD0102,2022-04-08,MED017,FRN005,105,430.5,Livrée,2022-04-13,0.0
CMD0103,2022-04-03,MED022,FRN003,77,69.3,Livrée,2022-04-12,0.0
CMD0104,2022-04-08,MED002,FRN002,141,112.8,En cours,,
CMD0105,2022-04-07,MED025,FRN001,136,516.8,Livrée,2022-04-13,3.0
CMD0106,2022-04-03,MED007,FRN004,146,1241.0,Livrée,2022-04-24,0.0
CMD0107,2022-04-03,MED021,FRN001,47,51.7,Livrée,2022-04-06,0.0
CMD0108,2022-04-13,MED023,FRN005,138,11730.0,Livrée,2022-04-18,0.0
CMD0109,2022-04-14,MED004,FRN004,54,81.0,Livrée,2022-05-08,3.0
CMD0110,2022-04-13,MED018,FRN005,101,353.5,Livrée,2022-04-21,3.0
CMD0111,2022-04-14,MED014,FRN005,134,2948.0,Livrée,2022-04-21,2.0
CMD0112,2022-04-11,MED015,FRN003,83,456.5,Annulée,,
CMD0113,2022-04-10,MED025,FRN005,144,547.2,Annulée,,
CMD0114,2022-04-11,MED009,FRN004,39,70.2,Annulée,,
CMD0115,2022-04-13,MED008,FRN003,105,4725.0,Livrée,2022-04-22,0.0
CMD0116,2022-04-14,MED005,FRN002,79,252.8,Livrée,2022-04-21,0.0
CMD0117,2022-04-12,MED023,FRN002,36,3060.0,Livrée,2022-04-20,1.0
CMD0118,2022-04-22,MED015,FRN004,35,192.5,Livrée,2022-05-15,2.0
CMD0119,2022-04-22,MED013,FRN005,198,1346.4,Livrée,2022-04-30,3.0
CMD0120,2022-04-18,MED013,FRN004,21,142.8,Livrée,2022-05-11,2.0
CMD0121,2022-04-17,MED014,FRN005,159,3498.0,En cours,,
CMD0122,2022-04-19,MED016,FRN002,89,258.1,Livrée,2022-04-25,0.0
CMD0123,2022-04-22,MED013,FRN003,191,1298.8,Annulée,,
CMD0124,2022-04-20,MED013,FRN002,139,945.2,Livrée,2022-04-30,3.0
CMD0125,2022-04-21,MED001,FRN004,171,427.5,En cours,,
CMD0126,2022-04-24,MED003,FRN004,54,64.8,Livrée,2022-05-14,0.0
CMD0127,2022-04-26,MED009,FRN004,103,185.4,Livrée,2022-05-18,1.0
CMD0128,2022-04-25,MED011,FRN004,91,1092.0,Livrée,2022-05-15,0.0
CMD0129,2022-04-25,MED016,FRN001,158,458.2,Livrée,2022-04-28,0.0
CMD0130,2022-05-01,MED003,FRN001,27,32.4,Livrée,2022-05-03,0.0
CMD0131,2022-05-03,MED020,FRN002,81,259.2,Livrée,2022-05-09,0.0
CMD0132,2022-05-02,MED019,FRN002,139,667.2,Annulée,,
CMD0133,2022-05-04,MED025,FRN003,62,235.6,En cours,,
CMD0134,2022-04-30,MED024,FRN001,61,2135.0,Livrée,2022-05-06,3.0
CMD0135,2022-05-03,MED001,FRN003,167,417.5,Annulée,,
CMD0136,2022-05-05,MED013,FRN002,39,265.2,En cours,,
CMD0137,2022-05-06,MED021,FRN002,46,50.6,Annulée,,
CMD0138,2022-05-06,MED010,FRN005,50,210.0,En cours,,
CMD0139,2022-05-09,MED012,FRN005,129,2386.5,Annulée,,
CMD0140,2022-05-07,MED003,FRN005,185,222.0,Livrée,2022-05-14,2.0
CMD0141,2022-05-12,MED016,FRN001,130,377.0,Livrée,2022-05-17,2.0
CMD0142,2022-05-12,MED023,FRN002,131,11135.0,Livrée,2022-05-22,3.0
CMD0143,2022-05-17,MED009,FRN005,157,282.6,Livrée,2022-05-24,2.0
CMD0144,2022-05-20,MED024,FRN005,88,3080.0,Livrée,2022-05-25,0.0
CMD0145,2022-05-20,MED003,FRN003,135,162.0,Livrée,2022-06-01,2.0
CMD0146,2022-05-16,MED019,FRN005,191,916.8,Livrée,2022-05-20,0.0
CMD0147,2022-05-15,MED016,FRN003,66,191.4,Livrée,2022-05-26,1.0
CMD0148,2022-05-19,MED009,FRN003,91,163.8,En cours,,
CMD0149,2022-05-15,MED009,FRN005,22,39.6,En cours,,
CMD0150,2022-05-18,MED003,FRN002,124,148.8,Livrée,2022-05-25,0.0
CMD0151,2022-05-17,MED023,FRN004,185,15725.0,Annulée,,
CMD0152,2022-05-24,MED001,FRN001,95,237.5,Livrée,2022-05-27,0.0
CMD0153,2022-05-25,MED010,FRN005,114,478.8,Livrée,2022-06-02,3.0
CMD0154,2022-05-23,MED012,FRN004,160,2960.0,Livrée,2022-06-15,2.0
CMD0155,2022-05-21,MED009,FRN003,84,151.2,Livrée,2022-05-31,0.0
CMD0156,2022-05-22,MED011,FRN001,157,1884.0,Annulée,,
CMD0157,2022-05-26,MED007,FRN002,143,1215.5,Livrée,2022-06-05,3.0
CMD0158,2022-05-21,MED025,FRN005,172,653.6,Livrée,2022-05-26,0.0
CMD0159,2022-05-28,MED008,FRN003,65,2925.0,Livrée,2022-06-10,3.0
CMD0160,2022-06-01,MED005,FRN003,31,99.2,Livrée,2022-06-12,1.0
CMD0161,2022-05-28,MED023,FRN002,183,15555.0,Livrée,2022-06-03,0.0
CMD0162,2022-05-31,MED019,FRN003,140,672.0,Livrée,2022-06-11,1.0
CMD0163,2022-05-28,MED006,FRN001,84,235.2,Livrée,2022-05-30,0.0
CMD0164,2022-06-02,MED013,FRN004,38,258.4,En cours,,
CMD0165,2022-06-06,MED002,FRN002,58,46.4,En cours,,
CMD0166,2022-06-10,MED003,FRN002,50,60.0,En cours,,
CMD0167,2022-06-05,MED014,FRN005,172,3784.0,En cours,,
CMD0168,2022-06-07,MED025,FRN005,117,444.6,Livrée,2022-06-13,1.0
CMD0169,2022-06-08,MED019,FRN004,98,470.4,En cours,,
CMD0170,2022-06-09,MED002,FRN005,45,36.0,Livrée,2022-06-14,0.0
CMD0171,2022-06-05,MED009,FRN001,60,108.0,Livrée,2022-06-11,3.0
CMD0172,2022-06-07,MED003,FRN002,20,24.0,Livrée,2022-06-17,3.0
CMD0173,2022-06-06,MED016,FRN003,28,81.2,Livrée,2022-06-17,1.0
CMD0174,2022-06-13,MED015,FRN001,195,1072.5,Livrée,2022-06-19,3.0
CMD0175,2022-06-15,MED022,FRN002,128,115.2,Livrée,2022-06-22,0.0
CMD0176,2022-06-11,MED021,FRN002,88,96.8,Livrée,2022-06-17,0.0
CMD0177,2022-06-17,MED006,FRN003,172,481.6,Annulée,,
CMD0178,2022-06-14,MED019,FRN003,132,633.6,Livrée,2022-06-25,1.0
CMD0179,2022-06-15,MED023,FRN004,89,7565.0,En cours,,
CMD0180,2022-06-11,MED016,FRN004,40,116.0,En cours,,
CMD0181,2022-06-11,MED014,FRN003,174,3828.0,Livrée,2022-06-20,0.0
CMD0182,2022-06-17,MED008,FRN005,170,7650.0,Livrée,2022-06-23,1.0
CMD0183,2022-06-23,MED002,FRN002,140,112.0,En cours,,
CMD0184,2022-06-21,MED015,FRN003,66,363.0,En cours,,
CMD0185,2022-06-20,MED021,FRN004,43,47.3,Livrée,2022-07-13,2.0
CMD0186,2022-06-24,MED011,FRN003,191,2292.0,Livrée,2022-07-04,0.0
CMD0187,2022-06-20,MED011,FRN004,197,2364.0,Livrée,2022-07-13,2.0
CMD0188,2022-06-18,MED025,FRN005,29,110.2,Livrée,2022-06-24,1.0
CMD0189,2022-06-24,MED009,FRN003,49,88.2,Livrée,2022-07-07,3.0
CMD0190,2022-06-18,MED001,FRN005,138,345.0,Livrée,2022-06-23,0.0
CMD0191,2022-06-28,MED012,FRN005,147,2719.5,Annulée,,
CMD0192,2022-06-29,MED025,FRN001,72,273.6,Livrée,2022-07-02,0.0
CMD0193,2022-06-25,MED010,FRN004,198,831.6,Livrée,2022-07-15,0.0
CMD0194,2022-06-26,MED021,FRN005,81,89.1,Annulée,,
CMD0195,2022-06-28,MED010,FRN005,23,96.6,En cours,,
CMD0196,2022-06-25,MED003,FRN002,49,58.8,Livrée,2022-07-02,0.0
CMD0197,2022-06-27,MED016,FRN003,150,435.0,Annulée,,
CMD0198,2022-06-28,MED014,FRN004,140,3080.0,Livrée,2022-07-22,3.0
CMD0199,2022-07-07,MED013,FRN002,173,1176.4,En cours,,
CMD0200,2022-07-04,MED005,FRN001,90,288.0,Livrée,2022-07-10,3.0
CMD0201,2022-07-04,MED009,FRN001,92,165.6,Annulée,,
CMD0202,2022-07-08,MED019,FRN005,188,902.4,Livrée,2022-07-13,0.0
CMD0203,2022-07-04,MED015,FRN005,143,786.5,Livrée,2022-07-12,3.0
CMD0204,2022-07-15,MED018,FRN004,136,476.0,Livrée,2022-08-05,0.0
CMD0205,2022-07-10,MED023,FRN002,166,14110.0,Livrée,2022-07-19,2.0
CMD0206,2022-07-15,MED002,FRN003,141,112.8,Annulée,,
CMD0207,2022-07-10,MED013,FRN004,189,1285.2,Annulée,,
CMD0208,2022-07-13,MED016,FRN001,52,150.8,En cours,,
CMD0209,2022-07-13,MED011,FRN001,132,1584.0,Livrée,2022-07-18,2.0
CMD0210,2022-07-10,MED001,FRN002,124,310.0,Annulée,,
CMD0211,2022-07-13,MED003,FRN004,87,104.4,Livrée,2022-08-05,2.0
CMD0212,2022-07-15,MED021,FRN001,104,114.4,Annulée,,
CMD0213,2022-07-14,MED018,FRN004,101,353.5,Annulée,,
CMD0214,2022-07-16,MED016,FRN005,29,84.1,En cours,,
CMD0215,2022-07-16,MED008,FRN003,78,3510.0,Annulée,,
CMD0216,2022-07-22,MED014,FRN001,182,4004.0,Annulée,,
CMD0217,2022-07-18,MED004,FRN004,62,93.0,Annulée,,
CMD0218,2022-07-18,MED001,FRN001,103,257.5,Livrée,2022-07-22,1.0
CMD0219,2022-07-20,MED012,FRN004,57,1054.5,Livrée,2022-08-12,2.0
CMD0220,2022-07-16,MED019,FRN002,63,302.4,Livrée,2022-07-26,3.0
CMD0221,2022-07-19,MED013,FRN005,194,1319.2,Livrée,2022-07-27,3.0
CMD0222,2022-07-18,MED005,FRN002,138,441.6,Annulée,,
CMD0223,2022-07-22,MED015,FRN003,190,1045.0,Livrée,2022-08-03,2.0
CMD0224,2022-07-26,MED022,FRN005,60,54.0,Livrée,2022-08-01,1.0
CMD0225,2022-07-28,MED019,FRN003,183,878.4,Livrée,2022-08-08,1.0
CMD0226,2022-07-29,MED015,FRN003,70,385.0,Livrée,2022-08-10,2.0
CMD0227,2022-07-25,MED004,FRN002,117,175.5,En cours,,
CMD0228,2022-07-23,MED019,FRN003,199,955.2,Livrée,2022-08-04,2.0
CMD0229,2022-07-29,MED009,FRN001,164,295.2,Annulée,,
CMD0230,2022-08-05,MED002,FRN005,147,117.6,Livrée,2022-08-10,0.0
CMD0231,2022-07-31,MED020,FRN003,76,243.2,Annulée,,
CMD0232,2022-08-05,MED020,FRN003,193,617.6,Annulée,,
CMD0233,2022-08-04,MED022,FRN002,180,162.0,Livrée,2022-08-10,0.0
CMD0234,2022-08-01,MED010,FRN004,28,117.6,En cours,,
CMD0235,2022-08-01,MED024,FRN002,43,1505.0,Livrée,2022-08-10,2.0
CMD0236,2022-08-01,MED006,FRN002,53,148.4,En cours,,
CMD0237,2022-08-01,MED017,FRN005,89,364.9,Livrée,2022-08-08,2.0
CMD0238,2022-07-30,MED010,FRN003,49,205.8,Livrée,2022-08-09,0.0
CMD0239,2022-08-06,MED008,FRN004,162,7290.0,Livrée,2022-08-29,2.0
CMD0240,2022-08-09,MED001,FRN003,157,392.5,Livrée,2022-08-20,1.0
CMD0241,2022-08-12,MED022,FRN003,169,152.1,Livrée,2022-08-23,1.0
CMD0242,2022-08-10,MED004,FRN002,140,210.0,Livrée,2022-08-20,3.0
CMD0243,2022-08-06,MED011,FRN005,76,912.0,Annulée,,
CMD0244,2022-08-11,MED021,FRN004,199,218.9,Livrée,2022-09-03,2.0
CMD0245,2022-08-08,MED004,FRN002,31,46.5,Livrée,2022-08-17,2.0
CMD0246,2022-08-07,MED004,FRN001,80,120.0,En cours,,
CMD0247,2022-08-11,MED013,FRN004,114,775.2,Annulée,,
CMD0248,2022-08-11,MED023,FRN005,127,10795.0,En cours,,
CMD0249,2022-08-19,MED005,FRN004,187,598.4,Livrée,2022-09-11,2.0
CMD0250,2022-08-18,MED020,FRN004,91,291.2,Livrée,2022-09-09,1.0
CMD0251,2022-08-19,MED007,FRN004,133,1130.5,Livrée,2022-09-10,1.0
CMD0252,2022-08-15,MED004,FRN003,159,238.5,Annulée,,
CMD0253,2022-08-13,MED002,FRN004,90,72.0,Livrée,2022-09-05,2.0
CMD0254,2022-08-17,MED003,FRN002,184,220.8,Annulée,,
CMD0255,2022-08-14,MED001,FRN001,105,262.5,Livrée,2022-08-20,3.0
CMD0256,2022-08-17,MED007,FRN001,161,1368.5,Livrée,2022-08-20,0.0
CMD0257,2022-08-13,MED008,FRN003,57,2565.0,En cours,,
CMD0258,2022-08-26,MED005,FRN002,158,505.6,Livrée,2022-09-02,0.0
CMD0259,2022-08-22,MED004,FRN001,53,79.5,Livrée,2022-08-25,0.0
CMD0260,2022-08-22,MED019,FRN003,24,115.2,Livrée,2022-08-31,0.0
CMD0261,2022-08-25,MED005,FRN004,154,492.8,Livrée,2022-09-14,0.0
CMD0262,2022-08-24,MED016,FRN004,112,324.8,En cours,,
CMD0263,2022-08-24,MED004,FRN004,148,222.0,Livrée,2022-09-13,0.0
CMD0264,2022-09-01,MED022,FRN005,97,87.3,Livrée,2022-09-05,0.0
CMD0265,2022-09-01,MED002,FRN004,122,97.6,Livrée,2022-09-21,0.0
CMD0266,2022-08-29,MED016,FRN004,38,110.2,Livrée,2022-09-22,3.0
CMD0267,2022-08-31,MED005,FRN001,52,166.4,Livrée,2022-09-06,3.0
CMD0268,2022-08-31,MED018,FRN003,117,409.5,En cours,,
CMD0269,2022-08-30,MED010,FRN004,149,625.8,En cours,,
CMD0270,2022-09-02,MED004,FRN001,187,280.5,Annulée,,
CMD0271,2022-08-28,MED018,FRN002,130,455.0,Livrée,2022-09-06,2.0
CMD0272,2022-09-01,MED011,FRN004,122,1464.0,Livrée,2022-09-21,0.0
CMD0273,2022-09-05,MED014,FRN003,190,4180.0,Livrée,2022-09-15,0.0
CMD0274,2022-09-09,MED022,FRN004,37,33.3,Livrée,2022-09-29,0.0
CMD0275,2022-09-08,MED003,FRN004,44,52.8,Annulée,,
CMD0276,2022-09-07,MED012,FRN002,162,2997.0,Livrée,2022-09-17,3.0
CMD0277,2022-09-06,MED018,FRN003,191,668.5,Livrée,2022-09-17,1.0
CMD0278,2022-09-07,MED022,FRN004,33,29.7,Livrée,2022-09-29,1.0
CMD0279,2022-09-11,MED004,FRN005,149,223.5,Livrée,2022-09-18,2.0
CMD0280,2022-09-12,MED008,FRN001,109,4905.0,En cours,,
CMD0281,2022-09-16,MED004,FRN003,166,249.0,Livrée,2022-09-28,2.0
CMD0282,2022-09-15,MED018,FRN005,177,619.5,Annulée,,
CMD0283,2022-09-16,MED018,FRN001,175,612.5,Annulée,,
CMD0284,2022-09-12,MED023,FRN003,27,2295.0,Livrée,2022-09-23,1.0
CMD0285,2022-09-21,MED012,FRN001,66,1221.0,Livrée,2022-09-26,2.0
CMD0286,2022-09-17,MED003,FRN002,182,218.4,Livrée,2022-09-27,3.0
CMD0287,2022-09-19,MED007,FRN004,127,1079.5,Livrée,2022-10-10,0.0
CMD0288,2022-09-21,MED012,FRN003,103,1905.5,En cours,,
CMD0289,2022-09-23,MED003,FRN001,59,70.8,Livrée,2022-09-29,3.0
CMD0290,2022-09-22,MED002,FRN001,89,71.2,Livrée,2022-09-27,2.0
CMD0291,2022-09-25,MED020,FRN004,126,403.2,Livrée,2022-10-19,3.0
CMD0292,2022-09-26,MED004,FRN003,130,195.0,Livrée,2022-10-09,3.0
CMD0293,2022-09-24,MED016,FRN005,190,551.0,Livrée,2022-09-29,0.0
CMD0294,2022-09-25,MED013,FRN005,34,231.2,Livrée,2022-10-01,1.0
CMD0295,2022-09-26,MED007,FRN002,85,722.5,Livrée,2022-10-02,0.0
CMD0296,2022-09-25,MED001,FRN004,130,325.0,Livrée,2022-10-18,2.0
CMD0297,2022-09-30,MED018,FRN002,148,518.0,En cours,,
CMD0298,2022-10-01,MED012,FRN001,121,2238.5,Annulée,,
CMD0299,2022-10-07,MED014,FRN001,137,3014.0,Livrée,2022-10-11,1.0
CMD0300,2022-10-06,MED019,FRN004,166,796.8,Livrée,2022-10-29,2.0
CMD0301,2022-10-03,MED010,FRN001,123,516.6,Livrée,2022-10-06,0.0
CMD0302,2022-10-01,MED020,FRN004,196,627.2,Livrée,2022-10-24,2.0
CMD0303,2022-10-04,MED004,FRN002,131,196.5,En cours,,
CMD0304,2022-10-06,MED017,FRN001,121,496.1,Livrée,2022-10-10,1.0
CMD0305,2022-10-05,MED008,FRN003,63,2835.0,Livrée,2022-10-14,0.0
CMD0306,2022-10-03,MED017,FRN005,69,282.9,Livrée,2022-10-08,0.0
CMD0307,2022-10-09,MED004,FRN002,85,127.5,Livrée,2022-10-19,3.0
CMD0308,2022-10-11,MED005,FRN001,65,208.0,Annulée,,
CMD0309,2022-10-13,MED015,FRN005,168,924.0,Livrée,2022-10-21,3.0
CMD0310,2022-10-10,MED021,FRN005,102,112.2,Annulée,,
CMD0311,2022-10-11,MED005,FRN004,37,118.4,Livrée,2022-11-02,1.0
CMD0312,2022-10-19,MED009,FRN005,34,61.2,Livrée,2022-10-23,0.0
CMD0313,2022-10-15,MED010,FRN004,135,567.0,Livrée,2022-11-06,1.0
CMD0314,2022-10-19,MED010,FRN001,185,777.0,Livrée,2022-10-25,3.0
CMD0315,2022-10-19,MED017,FRN004,138,565.8,En cours,,
CMD0316,2022-10-20,MED024,FRN001,135,4725.0,En cours,,
CMD0317,2022-10-19,MED007,FRN003,174,1479.0,Livrée,2022-10-29,0.0
CMD0318,2022-10-20,MED002,FRN004,46,36.8,Livrée,2022-11-09,0.0
CMD0319,2022-10-20,MED017,FRN002,30,123.0,Livrée,2022-10-29,2.0
CMD0320,2022-10-16,MED015,FRN005,153,841.5,En cours,,
CMD0321,2022-10-18,MED012,FRN003,92,1702.0,Livrée,2022-10-29,1.0
CMD0322,2022-10-24,MED020,FRN001,181,579.2,Annulée,,
CMD0323,2022-10-27,MED003,FRN003,44,52.8,En cours,,
CMD0324,2022-10-28,MED013,FRN003,84,571.2,Annulée,,
CMD0325,2022-10-22,MED022,FRN005,58,52.2,Livrée,2022-10-30,3.0
CMD0326,2022-10-27,MED022,FRN002,109,98.1,Livrée,2022-11-05,2.0
CMD0327,2022-10-26,MED005,FRN005,41,131.2,Livrée,2022-11-02,2.0
CMD0328,2022-10-27,MED021,FRN003,52,57.2,Annulée,,
CMD0329,2022-10-27,MED024,FRN005,43,1505.0,Annulée,,
CMD0330,2022-10-24,MED014,FRN005,112,2464.0,Livrée,2022-10-30,1.0
CMD0331,2022-10-30,MED007,FRN003,144,1224.0,Livrée,2022-11-09,0.0
CMD0332,2022-11-02,MED005,FRN001,95,304.0,Livrée,2022-11-08,3.0
CMD0333,2022-10-31,MED024,FRN005,29,1015.0,Annulée,,
CMD0334,2022-11-01,MED025,FRN005,53,201.4,En cours,,
CMD0335,2022-11-04,MED005,FRN002,66,211.2,Annulée,,
CMD0336,2022-11-07,MED006,FRN004,31,86.8,Livrée,2022-11-28,0.0
CMD0337,2022-11-11,MED015,FRN005,92,506.0,Annulée,,
CMD0338,2022-11-07,MED015,FRN002,156,858.0,Livrée,2022-11-16,2.0
CMD0339,2022-11-08,MED007,FRN003,193,1640.5,En cours,,
CMD0340,2022-11-09,MED015,FRN003,117,643.5,En cours,,
CMD0341,2022-11-06,MED014,FRN002,71,1562.0,En cours,,
CMD0342,2022-11-11,MED009,FRN001,184,331.2,Livrée,2022-11-15,1.0
CMD0343,2022-11-07,MED018,FRN001,152,532.0,Livrée,2022-11-09,0.0
CMD0344,2022-11-13,MED006,FRN003,135,378.0,En cours,,
CMD0345,2022-11-14,MED014,FRN001,76,1672.0,Livrée,2022-11-16,0.0
CMD0346,2022-11-14,MED014,FRN001,121,2662.0,En cours,,
CMD0347,2022-11-13,MED008,FRN004,40,1800.0,Livrée,2022-12-03,0.0
CMD0348,2022-11-18,MED011,FRN001,186,2232.0,Livrée,2022-11-21,0.0
CMD0349,2022-11-17,MED005,FRN001,93,297.6,Livrée,2022-11-20,0.0
CMD0350,2022-11-12,MED025,FRN004,134,509.2,En cours,,
CMD0351,2022-11-18,MED003,FRN001,85,102.0,Livrée,2022-11-21,0.0
CMD0352,2022-11-12,MED018,FRN005,155,542.5,Livrée,2022-11-18,1.0
CMD0353,2022-11-13,MED008,FRN003,51,2295.0,Livrée,2022-11-25,2.0
CMD0354,2022-11-25,MED020,FRN004,36,115.2,Livrée,2022-12-18,2.0
CMD0355,2022-11-23,MED020,FRN005,24,76.8,Annulée,,
CMD0356,2022-11-22,MED019,FRN002,56,268.8,Livrée,2022-11-28,0.0
CMD0357,2022-11-22,MED020,FRN003,81,259.2,En cours,,
CMD0358,2022-11-19,MED006,FRN001,154,431.2,Livrée,2022-11-25,3.0
CMD0359,2022-11-19,MED018,FRN005,149,521.5,En cours,,
CMD0360,2022-11-22,MED013,FRN004,31,210.8,Annulée,,
CMD0361,2022-11-25,MED012,FRN003,24,444.0,Livrée,2022-12-04,0.0
CMD0362,2022-11-19,MED012,FRN002,188,3478.0,Annulée,,
CMD0363,2022-11-28,MED019,FRN003,54,259.2,Livrée,2022-12-11,3.0
CMD0364,2022-12-01,MED011,FRN002,195,2340.0,Livrée,2022-12-10,2.0
CMD0365,2022-12-01,MED021,FRN002,54,59.4,Livrée,2022-12-10,2.0
CMD0366,2022-12-02,MED002,FRN003,71,56.8,Livrée,2022-12-12,0.0
CMD0367,2022-11-29,MED002,FRN003,99,79.2,En cours,,
CMD0368,2022-12-02,MED018,FRN004,84,294.0,Livrée,2022-12-23,0.0
CMD0369,2022-11-28,MED010,FRN003,32,134.4,Annulée,,
CMD0370,2022-11-29,MED009,FRN001,114,205.2,Livrée,2022-12-04,2.0
CMD0371,2022-12-01,MED013,FRN003,67,455.6,Livrée,2022-12-13,2.0
CMD0372,2022-12-01,MED012,FRN005,88,1628.0,Livrée,2022-12-08,2.0
CMD0373,2022-12-05,MED014,FRN005,66,1452.0,En cours,,
CMD0374,2022-12-08,MED011,FRN001,40,480.0,Livrée,2022-12-12,1.0
CMD0375,2022-12-06,MED010,FRN004,174,730.8,Annulée,,
CMD0376,2022-12-03,MED006,FRN004,109,305.2,Livrée,2022-12-25,1.0
CMD0377,2022-12-10,MED014,FRN003,183,4026.0,Livrée,2022-12-22,2.0
CMD0378,2022-12-10,MED012,FRN005,193,3570.5,Livrée,2022-12-15,0.0
CMD0379,2022-12-10,MED020,FRN004,28,89.6,Livrée,2022-12-31,0.0
CMD0380,2022-12-14,MED025,FRN003,112,425.6,Livrée,2022-12-23,0.0
CMD0381,2022-12-12,MED020,FRN002,193,617.6,Livrée,2022-12-20,1.0
CMD0382,2022-12-14,MED015,FRN001,166,913.0,Livrée,2022-12-18,1.0
CMD0383,2022-12-11,MED013,FRN003,186,1264.8,Livrée,2022-12-20,0.0
CMD0384,2022-12-13,MED001,FRN002,147,367.5,En cours,,
CMD0385,2022-12-20,MED004,FRN003,86,129.0,Annulée,,
CMD0386,2022-12-20,MED007,FRN005,93,790.5,Annulée,,
CMD0387,2022-12-20,MED007,FRN001,54,459.0,Livrée,2022-12-23,0.0
CMD0388,2022-12-23,MED023,FRN004,42,3570.0,Annulée,,
CMD0389,2022-12-21,MED011,FRN003,36,432.0,En cours,,
CMD0390,2022-12-22,MED010,FRN003,60,252.0,Annulée,,
CMD0391,2022-12-18,MED023,FRN002,112,9520.0,En cours,,
CMD0392,2022-12-23,MED004,FRN002,55,82.5,Livrée,2023-01-01,2.0
CMD0393,2022-12-27,MED012,FRN005,166,3071.0,Livrée,2023-01-04,3.0
CMD0394,2022-12-26,MED005,FRN005,42,134.4,Livrée,2023-01-02,2.0
CMD0395,2022-12-30,MED023,FRN004,154,13090.0,Livrée,2023-01-22,2.0
CMD0396,2022-12-29,MED019,FRN001,52,249.6,Livrée,2022-12-31,0.0
CMD0397,2023-01-06,MED015,FRN005,108,594.0,Livrée,2023-01-14,3.0
CMD0398,2023-01-03,MED021,FRN005,66,72.6,Livrée,2023-01-11,3.0
CMD0399,2023-01-02,MED002,FRN001,152,121.6,Livrée,2023-01-05,0.0
CMD0400,2023-01-04,MED006,FRN003,77,215.6,Livrée,2023-01-15,1.0
CMD0401,2023-01-04,MED003,FRN003,70,84.0,Annulée,,
CMD0402,2023-01-04,MED009,FRN002,180,324.0,Livrée,2023-01-14,3.0
CMD0403,2023-01-04,MED003,FRN005,184,220.8,Livrée,2023-01-12,3.0
CMD0404,2023-01-13,MED006,FRN005,174,487.2,Livrée,2023-01-21,3.0
CMD0405,2023-01-12,MED002,FRN001,40,32.0,Livrée,2023-01-18,3.0
CMD0406,2023-01-11,MED009,FRN002,166,298.8,Livrée,2023-01-17,0.0
CMD0407,2023-01-09,MED016,FRN005,94,272.6,Annulée,,
CMD0408,2023-01-09,MED016,FRN002,195,565.5,Livrée,2023-01-18,2.0
CMD0409,2023-01-17,MED023,FRN001,60,5100.0,Livrée,2023-01-22,2.0
CMD0410,2023-01-15,MED015,FRN002,107,588.5,En cours,,
CMD0411,2023-01-15,MED011,FRN003,108,1296.0,Livrée,2023-01-26,1.0
CMD0412,2023-01-15,MED017,FRN005,47,192.7,Livrée,2023-01-22,2.0
CMD0413,2023-01-21,MED009,FRN004,83,149.4,Livrée,2023-02-10,0.0
CMD0414,2023-01-22,MED010,FRN004,177,743.4,Livrée,2023-02-12,0.0
CMD0415,2023-01-27,MED011,FRN005,100,1200.0,Livrée,2023-02-01,0.0
CMD0416,2023-01-23,MED016,FRN005,139,403.1,Livrée,2023-01-30,2.0
CMD0417,2023-01-29,MED003,FRN004,149,178.8,Livrée,2023-02-19,0.0
CMD0418,2023-01-30,MED019,FRN003,32,153.6,Livrée,2023-02-11,2.0
CMD0419,2023-01-28,MED020,FRN004,93,297.6,En cours,,
CMD0420,2023-02-02,MED004,FRN004,54,81.0,Livrée,2023-02-24,1.0
CMD0421,2023-02-04,MED013,FRN003,31,210.8,Livrée,2023-02-17,3.0
CMD0422,2023-02-06,MED018,FRN002,112,392.0,En cours,,
CMD0423,2023-02-10,MED003,FRN004,149,178.8,Livrée,2023-03-06,3.0
CMD0424,2023-02-04,MED009,FRN005,194,349.2,En cours,,
CMD0425,2023-02-10,MED005,FRN001,120,384.0,Livrée,2023-02-14,1.0
CMD0426,2023-02-08,MED018,FRN003,56,196.0,Livrée,2023-02-21,3.0
CMD0427,2023-02-04,MED013,FRN005,30,204.0,Livrée,2023-02-09,0.0
CMD0428,2023-02-07,MED023,FRN003,141,11985.0,En cours,,
CMD0429,2023-02-06,MED005,FRN005,151,483.2,Livrée,2023-02-14,3.0
CMD0430,2023-02-09,MED011,FRN002,120,1440.0,En cours,,
CMD0431,2023-02-17,MED010,FRN005,106,445.2,En cours,,
CMD0432,2023-02-15,MED017,FRN005,145,594.5,Annulée,,
CMD0433,2023-02-13,MED010,FRN004,24,100.8,Livrée,2023-03-05,0.0
CMD0434,2023-02-17,MED014,FRN005,98,2156.0,Annulée,,
CMD0435,2023-02-13,MED023,FRN001,172,14620.0,Livrée,2023-02-19,3.0
CMD0436,2023-02-14,MED019,FRN002,33,158.4,En cours,,
CMD0437,2023-02-15,MED006,FRN005,181,506.8,Annulée,,
CMD0438,2023-02-12,MED025,FRN004,57,216.6,Annulée,,
CMD0439,2023-02-12,MED002,FRN005,199,159.2,Livrée,2023-02-16,0.0
CMD0440,2023-02-14,MED015,FRN003,127,698.5,Livrée,2023-02-24,0.0
CMD0441,2023-02-23,MED017,FRN005,140,574.0,Annulée,,
CMD0442,2023-02-22,MED002,FRN002,152,121.6,Livrée,2023-03-02,1.0
CMD0443,2023-02-20,MED022,FRN004,154,138.6,Livrée,2023-03-13,0.0
CMD0444,2023-02-20,MED015,FRN005,107,588.5,En cours,,
CMD0445,2023-02-19,MED022,FRN003,176,158.4,Livrée,2023-03-01,0.0
CMD0446,2023-02-20,MED009,FRN005,96,172.8,Livrée,2023-02-26,1.0
CMD0447,2023-02-21,MED023,FRN002,196,16660.0,Annulée,,
CMD0448,2023-02-27,MED016,FRN003,163,472.7,Annulée,,
CMD0449,2023-03-01,MED010,FRN001,166,697.2,Annulée,,
CMD0450,2023-02-27,MED013,FRN004,108,734.4,Livrée,2023-03-19,0.0
CMD0451,2023-03-02,MED010,FRN001,108,453.6,Livrée,2023-03-06,1.0
CMD0452,2023-03-03,MED024,FRN004,74,2590.0,Livrée,2023-03-27,3.0
CMD0453,2023-02-26,MED009,FRN005,198,356.4,Livrée,2023-03-02,0.0
CMD0454,2023-03-04,MED024,FRN005,81,2835.0,Livrée,2023-03-12,3.0
CMD0455,2023-03-07,MED008,FRN002,33,1485.0,Livrée,2023-03-15,1.0
CMD0456,2023-03-10,MED023,FRN004,45,3825.0,Annulée,,
CMD0457,2023-03-07,MED005,FRN001,160,512.0,Livrée,2023-03-12,2.0
CMD0458,2023-03-06,MED016,FRN002,93,269.7,Livrée,2023-03-12,0.0
CMD0459,2023-03-05,MED025,FRN001,186,706.8,En cours,,
CMD0460,2023-03-10,MED018,FRN001,64,224.0,Livrée,2023-03-13,0.0
CMD0461,2023-03-09,MED002,FRN004,146,116.8,Livrée,2023-03-31,1.0
CMD0462,2023-03-11,MED001,FRN003,165,412.5,En cours,,
CMD0463,2023-03-15,MED011,FRN003,136,1632.0,Annulée,,
CMD0464,2023-03-14,MED017,FRN004,54,221.4,En cours,,
CMD0465,2023-03-12,MED009,FRN002,48,86.4,Livrée,2023-03-21,2.0
CMD0466,2023-03-20,MED009,FRN002,23,41.4,Annulée,,
CMD0467,2023-03-19,MED010,FRN005,192,806.4,Livrée,2023-03-27,3.0
CMD0468,2023-03-20,MED021,FRN004,129,141.9,En cours,,
CMD0469,2023-03-19,MED003,FRN004,191,229.2,Livrée,2023-04-09,0.0
CMD0470,2023-03-20,MED016,FRN003,83,240.7,Livrée,2023-04-01,2.0
CMD0471,2023-03-20,MED008,FRN004,88,3960.0,Livrée,2023-04-13,3.0
CMD0472,2023-03-23,MED024,FRN005,22,770.0,Livrée,2023-03-29,1.0
CMD0473,2023-03-18,MED023,FRN002,35,2975.0,Annulée,,
CMD0474,2023-03-23,MED015,FRN003,60,330.0,Livrée,2023-04-05,3.0
CMD0475,2023-03-30,MED025,FRN003,196,744.8,Livrée,2023-04-10,1.0
CMD0476,2023-03-26,MED012,FRN005,76,1406.0,Livrée,2023-04-02,2.0
CMD0477,2023-03-28,MED005,FRN004,175,560.0,Livrée,2023-04-21,3.0
CMD0478,2023-03-31,MED016,FRN005,190,551.0,Livrée,2023-04-05,0.0
CMD0479,2023-03-28,MED022,FRN005,40,36.0,En cours,,
CMD0480,2023-03-25,MED017,FRN003,39,159.9,En cours,,
CMD0481,2023-03-29,MED002,FRN005,149,119.2,Livrée,2023-04-06,3.0
CMD0482,2023-03-28,MED005,FRN002,103,329.6,En cours,,
CMD0483,2023-03-25,MED004,FRN002,169,253.5,Livrée,2023-04-04,3.0
CMD0484,2023-04-04,MED002,FRN004,53,42.4,En cours,,
CMD0485,2023-04-04,MED015,FRN005,34,187.0,En cours,,
CMD0486,2023-04-03,MED022,FRN003,25,22.5,Livrée,2023-04-12,0.0
CMD0487,2023-04-01,MED024,FRN002,168,5880.0,Livrée,2023-04-10,2.0
CMD0488,2023-04-01,MED012,FRN001,158,2923.0,Livrée,2023-04-06,2.0
CMD0489,2023-04-07,MED002,FRN003,124,99.2,Livrée,2023-04-17,0.0
CMD0490,2023-04-04,MED025,FRN004,115,437.0,Livrée,2023-04-27,2.0
CMD0491,2023-04-14,MED003,FRN005,54,64.8,Annulée,,
CMD0492,2023-04-11,MED012,FRN001,65,1202.5,En cours,,
CMD0493,2023-04-14,MED017,FRN002,77,315.7,Livrée,2023-04-20,0.0
CMD0494,2023-04-12,MED010,FRN004,192,806.4,Annulée,,
CMD0495,2023-04-09,MED014,FRN005,117,2574.0,Livrée,2023-04-16,2.0
CMD0496,2023-04-13,MED012,FRN002,90,1665.0,Livrée,2023-04-19,0.0
CMD0497,2023-04-09,MED002,FRN004,177,141.6,Livrée,2023-04-30,0.0
CMD0498,2023-04-19,MED004,FRN005,28,42.0,Livrée,2023-04-23,0.0
CMD0499,2023-04-16,MED008,FRN001,122,5490.0,Livrée,2023-04-22,3.0
CMD0500,2023-04-17,MED007,FRN001,55,467.5,En cours,,
CMD0501,2023-04-19,MED008,FRN005,101,4545.0,En cours,,
CMD0502,2023-04-23,MED022,FRN003,80,72.0,Livrée,2023-05-06,3.0
CMD0503,2023-04-22,MED008,FRN004,96,4320.0,Livrée,2023-05-16,3.0
CMD0504,2023-04-25,MED019,FRN002,180,864.0,Annulée,,
CMD0505,2023-04-27,MED018,FRN004,32,112.0,Livrée,2023-05-20,2.0
CMD0506,2023-04-25,MED017,FRN003,198,811.8,Livrée,2023-05-05,0.0
CMD0507,2023-04-25,MED010,FRN004,67,281.4,En cours,,
CMD0508,2023-04-23,MED008,FRN002,96,4320.0,Annulée,,
CMD0509,2023-04-25,MED015,FRN001,163,896.5,Livrée,2023-05-01,3.0
CMD0510,2023-04-24,MED017,FRN002,119,487.9,Livrée,2023-05-01,0.0
CMD0511,2023-04-22,MED011,FRN001,135,1620.0,Livrée,2023-04-28,3.0
CMD0512,2023-05-04,MED007,FRN001,88,748.0,Livrée,2023-05-10,3.0
CMD0513,2023-05-05,MED020,FRN001,38,121.6,Livrée,2023-05-11,3.0
CMD0514,2023-04-30,MED024,FRN005,75,2625.0,Livrée,2023-05-06,1.0
CMD0515,2023-05-04,MED010,FRN001,74,310.8,Livrée,2023-05-06,0.0
CMD0516,2023-05-03,MED024,FRN004,82,2870.0,Annulée,,
CMD0517,2023-05-03,MED023,FRN002,121,10285.0,Livrée,2023-05-11,1.0
CMD0518,2023-05-03,MED025,FRN003,117,444.6,Livrée,2023-05-14,1.0
CMD0519,2023-05-02,MED010,FRN003,112,470.4,En cours,,
CMD0520,2023-04-30,MED015,FRN001,140,770.0,Livrée,2023-05-04,1.0
CMD0521,2023-05-11,MED014,FRN001,164,3608.0,Livrée,2023-05-14,0.0
CMD0522,2023-05-10,MED001,FRN003,161,402.5,En cours,,
CMD0523,2023-05-07,MED024,FRN004,95,3325.0,Livrée,2023-05-29,1.0
CMD0524,2023-05-09,MED008,FRN004,165,7425.0,Livrée,2023-06-02,3.0
CMD0525,2023-05-11,MED021,FRN003,85,93.5,Livrée,2023-05-23,2.0
CMD0526,2023-05-07,MED015,FRN002,110,605.0,Livrée,2023-05-17,3.0
CMD0527,2023-05-17,MED006,FRN005,184,515.2,Livrée,2023-05-21,0.0
CMD0528,2023-05-14,MED003,FRN001,21,25.2,Livrée,2023-05-17,0.0
CMD0529,2023-05-17,MED003,FRN002,22,26.4,Livrée,2023-05-26,2.0
CMD0530,2023-05-18,MED012,FRN001,178,3293.0,Annulée,,
CMD0531,2023-05-13,MED020,FRN004,188,601.6,Livrée,2023-06-02,0.0
CMD0532,2023-05-13,MED018,FRN005,125,437.5,Livrée,2023-05-21,3.0
CMD0533,2023-05-13,MED024,FRN003,157,5495.0,Livrée,2023-05-26,3.0
CMD0534,2023-05-20,MED023,FRN004,65,5525.0,Livrée,2023-06-13,3.0
CMD0535,2023-05-24,MED005,FRN002,69,220.8,En cours,,
CMD0536,2023-05-20,MED009,FRN003,88,158.4,Livrée,2023-05-31,1.0
CMD0537,2023-05-25,MED013,FRN004,164,1115.2,Livrée,2023-06-15,0.0
CMD0538,2023-05-26,MED010,FRN001,187,785.4,Annulée,,
CMD0539,2023-05-23,MED002,FRN001,123,98.4,Livrée,2023-05-29,3.0
CMD0540,2023-05-25,MED016,FRN001,183,530.7,Livrée,2023-05-28,0.0
CMD0541,2023-05-26,MED003,FRN004,131,157.2,Annulée,,
CMD0542,2023-05-20,MED011,FRN005,44,528.0,En cours,,
CMD0543,2023-05-23,MED008,FRN002,197,8865.0,En cours,,
CMD0544,2023-05-31,MED002,FRN001,195,156.0,Livrée,2023-06-06,3.0
CMD0545,2023-05-27,MED022,FRN001,65,58.5,Livrée,2023-05-30,0.0
CMD0546,2023-05-29,MED019,FRN002,121,580.8,Livrée,2023-06-05,0.0
CMD0547,2023-06-01,MED019,FRN002,165,792.0,Livrée,2023-06-11,3.0
CMD0548,2023-06-01,MED011,FRN004,55,660.0,Annulée,,
CMD0549,2023-05-27,MED003,FRN005,108,129.6,Livrée,2023-06-03,2.0
CMD0550,2023-06-07,MED003,FRN003,174,208.8,En cours,,
CMD0551,2023-06-05,MED013,FRN003,27,183.6,Annulée,,
CMD0552,2023-06-07,MED015,FRN004,78,429.0,Livrée,2023-06-30,2.0
CMD0553,2023-06-08,MED014,FRN002,194,4268.0,En cours,,
CMD0554,2023-06-09,MED013,FRN001,178,1210.4,Livrée,2023-06-12,0.0
CMD0555,2023-06-13,MED003,FRN001,88,105.6,Livrée,2023-06-16,0.0
CMD0556,2023-06-10,MED024,FRN004,101,3535.0,Livrée,2023-06-30,0.0
CMD0557,2023-06-16,MED001,FRN003,133,332.5,Livrée,2023-06-27,1.0
CMD0558,2023-06-13,MED004,FRN002,42,63.0,Livrée,2023-06-22,2.0
CMD0559,2023-06-10,MED018,FRN005,151,528.5,Livrée,2023-06-14,0.0
CMD0560,2023-06-14,MED003,FRN003,161,193.2,Livrée,2023-06-27,3.0
CMD0561,2023-06-13,MED011,FRN004,23,276.0,Livrée,2023-07-06,2.0
CMD0562,2023-06-14,MED025,FRN001,163,619.4,Livrée,2023-06-20,3.0
CMD0563,2023-06-12,MED006,FRN004,63,176.4,Livrée,2023-07-04,1.0
CMD0564,2023-06-20,MED016,FRN002,36,104.4,Livrée,2023-06-28,1.0
CMD0565,2023-06-19,MED014,FRN003,143,3146.0,Livrée,2023-06-30,1.0
CMD0566,2023-06-18,MED008,FRN004,172,7740.0,En cours,,
CMD0567,2023-06-17,MED015,FRN001,54,297.0,Livrée,2023-06-22,2.0
CMD0568,2023-06-20,MED011,FRN005,117,1404.0,Livrée,2023-06-26,1.0
CMD0569,2023-06-19,MED014,FRN005,54,1188.0,Livrée,2023-06-27,3.0
CMD0570,2023-06-27,MED007,FRN004,100,850.0,Livrée,2023-07-19,1.0
CMD0571,2023-06-26,MED010,FRN004,167,701.4,Livrée,2023-07-19,2.0
CMD0572,2023-06-28,MED009,FRN004,113,203.4,Livrée,2023-07-19,0.0
CMD0573,2023-06-30,MED019,FRN005,66,316.8,Annulée,,
CMD0574,2023-06-25,MED018,FRN001,138,483.0,Annulée,,
CMD0575,2023-06-30,MED015,FRN003,197,1083.5,Livrée,2023-07-12,2.0
CMD0576,2023-06-26,MED022,FRN004,55,49.5,Annulée,,
CMD0577,2023-06-29,MED008,FRN003,188,8460.0,Livrée,2023-07-11,2.0
CMD0578,2023-06-27,MED013,FRN001,134,911.2,En cours,,
CMD0579,2023-07-04,MED013,FRN005,149,1013.2,Annulée,,
CMD0580,2023-07-07,MED018,FRN001,112,392.0,Annulée,,
CMD0581,2023-07-01,MED018,FRN005,183,640.5,Livrée,2023-07-06,0.0
CMD0582,2023-07-05,MED022,FRN003,62,55.8,Annulée,,
CMD0583,2023-07-06,MED002,FRN005,185,148.0,Annulée,,
CMD0584,2023-07-01,MED013,FRN003,130,884.0,Livrée,2023-07-10,0.0
CMD0585,2023-07-05,MED009,FRN002,150,270.0,Annulée,,
CMD0586,2023-07-02,MED018,FRN005,196,686.0,En cours,,
CMD0587,2023-07-12,MED012,FRN004,138,2553.0,Annulée,,
CMD0588,2023-07-08,MED023,FRN005,58,4930.0,Livrée,2023-07-15,2.0
CMD0589,2023-07-08,MED004,FRN003,126,189.0,Livrée,2023-07-18,0.0
CMD0590,2023-07-14,MED012,FRN003,107,1979.5,Livrée,2023-07-24,0.0
CMD0591,2023-07-08,MED017,FRN004,109,446.9,Livrée,2023-07-31,2.0
CMD0592,2023-07-10,MED024,FRN004,101,3535.0,Livrée,2023-07-30,0.0
CMD0593,2023-07-13,MED023,FRN001,25,2125.0,Livrée,2023-07-15,0.0
CMD0594,2023-07-19,MED006,FRN002,152,425.6,Livrée,2023-07-26,0.0
CMD0595,2023-07-16,MED011,FRN005,129,1548.0,Livrée,2023-07-23,2.0
CMD0596,2023-07-20,MED021,FRN002,67,73.7,Annulée,,
CMD0597,2023-07-19,MED014,FRN004,27,594.0,Annulée,,
CMD0598,2023-07-18,MED007,FRN004,171,1453.5,Livrée,2023-08-07,0.0
CMD0599,2023-07-21,MED023,FRN002,72,6120.0,Livrée,2023-07-27,0.0
CMD0600,2023-07-17,MED019,FRN001,157,753.6,Livrée,2023-07-21,1.0
CMD0601,2023-07-20,MED007,FRN004,49,416.5,Livrée,2023-08-12,2.0
CMD0602,2023-07-19,MED017,FRN003,172,705.2,Livrée,2023-07-31,2.0
CMD0603,2023-07-26,MED004,FRN003,110,165.0,Livrée,2023-08-05,0.0
CMD0604,2023-07-22,MED022,FRN003,177,159.3,En cours,,
CMD0605,2023-07-23,MED022,FRN002,100,90.0,Livrée,2023-07-31,1.0
CMD0606,2023-07-23,MED004,FRN002,115,172.5,Annulée,,
CMD0607,2023-07-23,MED017,FRN004,127,520.7,En cours,,
CMD0608,2023-07-25,MED019,FRN004,128,614.4,Livrée,2023-08-18,3.0
CMD0609,2023-07-25,MED023,FRN002,162,13770.0,Livrée,2023-08-02,1.0
CMD0610,2023-07-26,MED005,FRN002,100,320.0,Livrée,2023-08-01,0.0
CMD0611,2023-07-30,MED012,FRN001,144,2664.0,Livrée,2023-08-04,2.0
CMD0612,2023-08-01,MED018,FRN005,187,654.5,Livrée,2023-08-08,2.0
CMD0613,2023-07-29,MED014,FRN004,145,3190.0,Livrée,2023-08-22,3.0
CMD0614,2023-07-31,MED001,FRN002,94,235.0,Livrée,2023-08-07,0.0
CMD0615,2023-08-02,MED018,FRN003,63,220.5,Livrée,2023-08-14,2.0
CMD0616,2023-07-29,MED018,FRN005,48,168.0,En cours,,
CMD0617,2023-08-04,MED009,FRN005,113,203.4,En cours,,
CMD0618,2023-07-30,MED025,FRN001,132,501.6,En cours,,
CMD0619,2023-07-31,MED014,FRN001,187,4114.0,Livrée,2023-08-02,0.0
CMD0620,2023-08-01,MED015,FRN003,109,599.5,Livrée,2023-08-10,0.0
CMD0621,2023-08-07,MED008,FRN002,170,7650.0,Annulée,,
CMD0622,2023-08-06,MED023,FRN005,181,15385.0,Livrée,2023-08-14,3.0
CMD0623,2023-08-09,MED005,FRN002,72,230.4,Livrée,2023-08-17,1.0
CMD0624,2023-08-06,MED018,FRN003,172,602.0,En cours,,
CMD0625,2023-08-07,MED011,FRN003,94,1128.0,En cours,,
CMD0626,2023-08-05,MED017,FRN001,54,221.4,Livrée,2023-08-09,1.0
CMD0627,2023-08-06,MED021,FRN002,199,218.9,Livrée,2023-08-13,0.0
CMD0628,2023-08-08,MED023,FRN003,83,7055.0,Annulée,,
CMD0629,2023-08-07,MED016,FRN002,167,484.3,Annulée,,
CMD0630,2023-08-05,MED021,FRN004,116,127.6,Livrée,2023-08-25,0.0
CMD0631,2023-08-15,MED017,FRN003,197,807.7,Livrée,2023-08-27,2.0
CMD0632,2023-08-12,MED011,FRN005,20,240.0,Annulée,,
CMD0633,2023-08-17,MED024,FRN004,182,6370.0,Annulée,,
CMD0634,2023-08-13,MED012,FRN001,156,2886.0,Livrée,2023-08-18,2.0
CMD0635,2023-08-18,MED007,FRN004,88,748.0,Livrée,2023-09-09,1.0
CMD0636,2023-08-16,MED011,FRN005,167,2004.0,Livrée,2023-08-23,2.0
CMD0637,2023-08-17,MED011,FRN001,31,372.0,Livrée,2023-08-22,2.0
CMD0638,2023-08-19,MED004,FRN002,132,198.0,Livrée,2023-08-28,2.0
CMD0639,2023-08-20,MED007,FRN002,186,1581.0,Livrée,2023-08-28,1.0
CMD0640,2023-08-21,MED003,FRN003,84,100.8,Livrée,2023-08-31,0.0
CMD0641,2023-08-24,MED002,FRN004,180,144.0,Livrée,2023-09-14,0.0
CMD0642,2023-08-26,MED021,FRN001,200,220.0,Livrée,2023-08-29,0.0
CMD0643,2023-08-27,MED016,FRN001,53,153.7,En cours,,
CMD0644,2023-08-31,MED017,FRN004,22,90.2,Livrée,2023-09-22,1.0
CMD0645,2023-08-29,MED004,FRN004,197,295.5,Livrée,2023-09-18,0.0
CMD0646,2023-09-01,MED008,FRN004,42,1890.0,Annulée,,
CMD0647,2023-08-28,MED004,FRN001,100,150.0,Livrée,2023-08-31,0.0
CMD0648,2023-08-27,MED013,FRN002,184,1251.2,Annulée,,
CMD0649,2023-09-07,MED017,FRN005,22,90.2,En cours,,
CMD0650,2023-09-03,MED006,FRN004,109,305.2,Annulée,,
CMD0651,2023-09-07,MED021,FRN002,125,137.5,En cours,,
CMD0652,2023-09-03,MED015,FRN002,42,231.0,Livrée,2023-09-09,0.0
CMD0653,2023-09-11,MED024,FRN004,109,3815.0,Livrée,2023-10-02,0.0
CMD0654,2023-09-10,MED008,FRN003,185,8325.0,Livrée,2023-09-23,3.0
CMD0655,2023-09-15,MED020,FRN005,175,560.0,Livrée,2023-09-19,0.0
CMD0656,2023-09-13,MED022,FRN003,72,64.8,En cours,,
CMD0657,2023-09-14,MED017,FRN002,120,492.0,Livrée,2023-09-20,0.0
CMD0658,2023-09-10,MED008,FRN004,118,5310.0,Livrée,2023-10-03,2.0
CMD0659,2023-09-09,MED021,FRN005,38,41.8,En cours,,
CMD0660,2023-09-15,MED012,FRN003,53,980.5,Livrée,2023-09-28,3.0
CMD0661,2023-09-22,MED012,FRN005,194,3589.0,Livrée,2023-09-29,2.0
CMD0662,2023-09-16,MED025,FRN001,24,91.2,En cours,,
CMD0663,2023-09-16,MED001,FRN003,75,187.5,Livrée,2023-09-28,2.0
CMD0664,2023-09-20,MED017,FRN003,180,738.0,Annulée,,
CMD0665,2023-09-19,MED025,FRN004,128,486.4,Annulée,,
CMD0666,2023-09-17,MED003,FRN005,157,188.4,En cours,,
CMD0667,2023-09-20,MED009,FRN001,99,178.2,Livrée,2023-09-23,0.0
CMD0668,2023-09-27,MED005,FRN005,103,329.6,Livrée,2023-10-01,0.0
CMD0669,2023-09-24,MED010,FRN004,81,340.2,Livrée,2023-10-14,0.0
CMD0670,2023-09-27,MED014,FRN001,136,2992.0,En cours,,
CMD0671,2023-09-28,MED002,FRN003,190,152.0,Annulée,,
CMD0672,2023-09-28,MED024,FRN002,50,1750.0,Livrée,2023-10-05,0.0
CMD0673,2023-09-25,MED023,FRN001,61,5185.0,Livrée,2023-10-01,3.0
CMD0674,2023-09-24,MED017,FRN003,62,254.2,Livrée,2023-10-05,1.0
CMD0675,2023-09-29,MED024,FRN001,27,945.0,Livrée,2023-10-04,2.0
CMD0676,2023-09-28,MED009,FRN005,36,64.8,Livrée,2023-10-06,3.0
CMD0677,2023-09-27,MED021,FRN001,147,161.7,Livrée,2023-10-01,1.0
CMD0678,2023-10-01,MED016,FRN005,62,179.8,Livrée,2023-10-07,1.0
CMD0679,2023-10-05,MED025,FRN001,166,630.8,Annulée,,
CMD0680,2023-09-30,MED004,FRN002,150,225.0,Livrée,2023-10-06,0.0
CMD0681,2023-10-03,MED008,FRN001,140,6300.0,Livrée,2023-10-06,0.0
CMD0682,2023-10-08,MED002,FRN005,187,149.6,Livrée,2023-10-14,1.0
CMD0683,2023-10-13,MED008,FRN004,101,4545.0,Livrée,2023-11-02,0.0
CMD0684,2023-10-12,MED019,FRN003,50,240.0,En cours,,
CMD0685,2023-10-07,MED002,FRN002,77,61.6,En cours,,
CMD0686,2023-10-13,MED013,FRN001,139,945.2,Livrée,2023-10-17,1.0
CMD0687,2023-10-16,MED003,FRN005,136,163.2,Livrée,2023-10-21,0.0
CMD0688,2023-10-18,MED010,FRN005,97,407.4,Annulée,,
CMD0689,2023-10-17,MED008,FRN004,114,5130.0,En cours,,
CMD0690,2023-10-15,MED025,FRN002,159,604.2,Livrée,2023-10-21,0.0
CMD0691,2023-10-16,MED014,FRN001,79,1738.0,En cours,,
CMD0692,2023-10-20,MED021,FRN001,105,115.5,Livrée,2023-10-25,2.0
CMD0693,2023-10-25,MED024,FRN003,46,1610.0,Livrée,2023-11-04,0.0
CMD0694,2023-10-26,MED014,FRN004,35,770.0,Livrée,2023-11-17,1.0
CMD0695,2023-10-24,MED003,FRN001,79,94.8,En cours,,
CMD0696,2023-10-21,MED023,FRN003,137,11645.0,Annulée,,
CMD0697,2023-10-26,MED019,FRN001,149,715.2,Livrée,2023-10-31,2.0
CMD0698,2023-10-24,MED003,FRN005,165,198.0,Livrée,2023-10-29,0.0
CMD0699,2023-10-27,MED008,FRN003,86,3870.0,Livrée,2023-11-08,2.0
CMD0700,2023-10-23,MED023,FRN003,101,8585.0,Livrée,2023-11-02,0.0
CMD0701,2023-10-21,MED003,FRN002,54,64.8,En cours,,
CMD0702,2023-10-24,MED005,FRN001,62,198.4,Livrée,2023-10-28,1.0
CMD0703,2023-10-31,MED004,FRN005,111,166.5,Livrée,2023-11-06,1.0
CMD0704,2023-10-29,MED015,FRN003,50,275.0,Livrée,2023-11-09,1.0
CMD0705,2023-11-03,MED023,FRN005,30,2550.0,Livrée,2023-11-09,1.0
CMD0706,2023-10-31,MED005,FRN001,83,265.6,Livrée,2023-11-06,3.0
CMD0707,2023-10-28,MED002,FRN003,86,68.8,Livrée,2023-11-09,2.0
CMD0708,2023-10-28,MED015,FRN005,160,880.0,Livrée,2023-11-04,2.0
CMD0709,2023-10-28,MED004,FRN002,51,76.5,Livrée,2023-11-04,0.0
CMD0710,2023-11-09,MED007,FRN004,115,977.5,Annulée,,
CMD0711,2023-11-06,MED021,FRN001,169,185.9,En cours,,
CMD0712,2023-11-09,MED003,FRN001,36,43.2,Livrée,2023-11-14,2.0
CMD0713,2023-11-04,MED005,FRN001,104,332.8,Livrée,2023-11-09,2.0
CMD0714,2023-11-10,MED002,FRN002,166,132.8,Livrée,2023-11-19,2.0
CMD0715,2023-11-12,MED001,FRN004,194,485.0,Livrée,2023-12-04,1.0
CMD0716,2023-11-14,MED007,FRN002,90,765.0,Livrée,2023-11-21,0.0
CMD0717,2023-11-12,MED002,FRN005,178,142.4,En cours,,
CMD0718,2023-11-15,MED021,FRN003,147,161.7,Livrée,2023-11-27,2.0
CMD0719,2023-11-12,MED002,FRN001,91,72.8,Livrée,2023-11-17,2.0
CMD0720,2023-11-17,MED007,FRN005,83,705.5,Annulée,,
CMD0721,2023-11-13,MED018,FRN001,117,409.5,Annulée,,
CMD0722,2023-11-22,MED018,FRN004,108,378.0,En cours,,
CMD0723,2023-11-18,MED011,FRN004,89,1068.0,Livrée,2023-12-10,1.0
CMD0724,2023-11-18,MED020,FRN002,27,86.4,Livrée,2023-11-27,2.0
CMD0725,2023-11-19,MED017,FRN003,169,692.9,Livrée,2023-11-28,0.0
CMD0726,2023-11-24,MED008,FRN002,88,3960.0,En cours,,
CMD0727,2023-11-24,MED024,FRN001,76,2660.0,En cours,,
CMD0728,2023-11-19,MED013,FRN003,64,435.2,Livrée,2023-12-02,3.0
CMD0729,2023-11-30,MED024,FRN003,171,5985.0,Livrée,2023-12-11,1.0
CMD0730,2023-11-26,MED019,FRN005,56,268.8,En cours,,
CMD0731,2023-11-28,MED016,FRN005,99,287.1,Livrée,2023-12-02,0.0
CMD0732,2023-11-26,MED003,FRN001,79,94.8,En cours,,
CMD0733,2023-11-27,MED001,FRN005,142,355.0,Livrée,2023-12-05,3.0
CMD0734,2023-11-26,MED007,FRN002,107,909.5,Annulée,,
CMD0735,2023-12-06,MED011,FRN001,25,300.0,Livrée,2023-12-09,0.0
CMD0736,2023-12-02,MED025,FRN001,154,585.2,Livrée,2023-12-06,1.0
CMD0737,2023-12-04,MED023,FRN004,170,14450.0,Livrée,2023-12-26,1.0
CMD0738,2023-12-05,MED011,FRN002,60,720.0,Annulée,,
CMD0739,2023-12-03,MED021,FRN004,186,204.6,Livrée,2023-12-27,3.0
CMD0740,2023-12-07,MED023,FRN005,111,9435.0,Livrée,2023-12-15,3.0
CMD0741,2023-12-07,MED006,FRN004,98,274.4,Annulée,,
CMD0742,2023-12-02,MED010,FRN002,65,273.0,Annulée,,
CMD0743,2023-12-02,MED023,FRN005,120,10200.0,En cours,,
CMD0744,2023-12-03,MED006,FRN005,101,282.8,En cours,,
CMD0745,2023-12-11,MED019,FRN001,147,705.6,Livrée,2023-12-13,0.0
CMD0746,2023-12-14,MED008,FRN003,101,4545.0,Livrée,2023-12-23,0.0
CMD0747,2023-12-11,MED023,FRN003,134,11390.0,Livrée,2023-12-21,0.0
CMD0748,2023-12-15,MED008,FRN001,109,4905.0,Livrée,2023-12-17,0.0
CMD0749,2023-12-12,MED024,FRN001,32,1120.0,Livrée,2023-12-17,2.0
CMD0750,2023-12-11,MED006,FRN004,146,408.8,Livrée,2024-01-04,3.0
CMD0751,2023-12-14,MED013,FRN001,142,965.6,En cours,,
CMD0752,2023-12-09,MED025,FRN002,61,231.8,Livrée,2023-12-15,0.0
CMD0753,2023-12-09,MED010,FRN001,101,424.2,Livrée,2023-12-11,0.0
CMD0754,2023-12-16,MED006,FRN004,61,170.8,Annulée,,
CMD0755,2023-12-20,MED018,FRN001,106,371.0,En cours,,
CMD0756,2023-12-17,MED016,FRN001,130,377.0,Annulée,,
CMD0757,2023-12-16,MED020,FRN004,60,192.0,Livrée,2024-01-07,1.0
CMD0758,2023-12-20,MED007,FRN002,124,1054.0,Annulée,,
CMD0759,2023-12-18,MED024,FRN005,87,3045.0,Annulée,,
CMD0760,2023-12-27,MED008,FRN001,32,1440.0,Livrée,2024-01-02,3.0
CMD0761,2023-12-23,MED016,FRN002,33,95.7,Livrée,2024-01-01,2.0
CMD0762,2023-12-27,MED003,FRN003,189,226.8,Annulée,,
CMD0763,2023-12-24,MED016,FRN002,44,127.6,Livrée,2023-12-31,0.0
CMD0764,2023-12-29,MED021,FRN003,40,44.0,Livrée,2024-01-07,0.0
CMD0765,2023-12-28,MED010,FRN004,140,588.0,Livrée,2024-01-19,1.0
CMD0766,2024-01-01,MED021,FRN005,119,130.9,Livrée,2024-01-08,2.0
CMD0767,2024-01-01,MED012,FRN002,134,2479.0,Livrée,2024-01-10,2.0
CMD0768,2024-01-03,MED015,FRN003,77,423.5,Livrée,2024-01-12,0.0
CMD0769,2024-01-01,MED005,FRN001,41,131.2,Annulée,,
CMD0770,2024-01-10,MED018,FRN004,170,595.0,Livrée,2024-01-30,0.0
CMD0771,2024-01-11,MED013,FRN005,127,863.6,En cours,,
CMD0772,2024-01-08,MED016,FRN005,80,232.0,Livrée,2024-01-12,0.0
CMD0773,2024-01-10,MED013,FRN001,148,1006.4,En cours,,
CMD0774,2024-01-12,MED019,FRN005,57,273.6,Livrée,2024-01-19,2.0
CMD0775,2024-01-07,MED006,FRN002,74,207.2,Livrée,2024-01-13,0.0
CMD0776,2024-01-07,MED014,FRN001,194,4268.0,Livrée,2024-01-10,0.0
CMD0777,2024-01-12,MED020,FRN003,101,323.2,Annulée,,
CMD0778,2024-01-09,MED003,FRN001,119,142.8,En cours,,
CMD0779,2024-01-09,MED018,FRN003,90,315.0,En cours,,
CMD0780,2024-01-19,MED001,FRN005,170,425.0,En cours,,
CMD0781,2024-01-14,MED014,FRN001,126,2772.0,Livrée,2024-01-20,3.0
CMD0782,2024-01-17,MED019,FRN005,45,216.0,Livrée,2024-01-21,0.0
CMD0783,2024-01-15,MED010,FRN005,108,453.6,Livrée,2024-01-22,2.0
CMD0784,2024-01-16,MED021,FRN004,166,182.6,En cours,,
CMD0785,2024-01-14,MED002,FRN002,90,72.0,Livrée,2024-01-24,3.0
CMD0786,2024-01-15,MED020,FRN004,29,92.8,Livrée,2024-02-05,0.0
CMD0787,2024-01-13,MED002,FRN004,88,70.4,Livrée,2024-02-04,1.0
CMD0788,2024-01-19,MED010,FRN003,91,382.2,Livrée,2024-01-28,0.0
CMD0789,2024-01-16,MED008,FRN002,96,4320.0,Annulée,,
CMD0790,2024-01-25,MED011,FRN003,126,1512.0,En cours,,
CMD0791,2024-01-26,MED003,FRN002,133,159.6,Livrée,2024-02-04,2.0
CMD0792,2024-01-26,MED024,FRN004,152,5320.0,Livrée,2024-02-15,0.0
CMD0793,2024-01-25,MED017,FRN002,36,147.6,Livrée,2024-02-04,3.0
CMD0794,2024-01-20,MED013,FRN002,154,1047.2,En cours,,
CMD0795,2024-01-21,MED006,FRN002,71,198.8,Livrée,2024-01-27,0.0
CMD0796,2024-01-21,MED015,FRN001,112,616.0,Annulée,,
CMD0797,2024-01-23,MED009,FRN003,138,248.4,En cours,,
CMD0798,2024-01-21,MED021,FRN001,194,213.4,Livrée,2024-01-25,1.0
CMD0799,2024-01-26,MED016,FRN005,134,388.6,Livrée,2024-02-02,2.0
CMD0800,2024-02-02,MED018,FRN003,108,378.0,Livrée,2024-02-13,1.0
CMD0801,2024-01-30,MED024,FRN001,92,3220.0,Livrée,2024-02-01,0.0
CMD0802,2024-02-01,MED006,FRN005,74,207.2,Livrée,2024-02-06,0.0
CMD0803,2024-01-30,MED022,FRN002,88,79.2,Annulée,,
CMD0804,2024-01-30,MED017,FRN001,194,795.4,Livrée,2024-02-02,0.0
CMD0805,2024-01-28,MED021,FRN002,173,190.3,Livrée,2024-02-05,1.0
CMD0806,2024-01-30,MED020,FRN003,184,588.8,Livrée,2024-02-11,2.0
CMD0807,2024-01-30,MED012,FRN004,84,1554.0,Livrée,2024-02-21,1.0
CMD0808,2024-02-03,MED017,FRN005,121,496.1,En cours,,
CMD0809,2024-02-07,MED001,FRN005,189,472.5,Livrée,2024-02-15,3.0
CMD0810,2024-02-03,MED020,FRN003,96,307.2,Annulée,,
CMD0811,2024-02-08,MED016,FRN001,106,307.4,Livrée,2024-02-12,1.0
CMD0812,2024-02-08,MED009,FRN003,187,336.6,Annulée,,
CMD0813,2024-02-09,MED010,FRN002,58,243.6,En cours,,
CMD0814,2024-02-08,MED008,FRN001,173,7785.0,Livrée,2024-02-12,1.0
CMD0815,2024-02-06,MED022,FRN002,26,23.4,Annulée,,
CMD0816,2024-02-06,MED010,FRN003,127,533.4,Livrée,2024-02-15,0.0
CMD0817,2024-02-15,MED023,FRN005,68,5780.0,Livrée,2024-02-20,0.0
CMD0818,2024-02-15,MED022,FRN005,183,164.7,Livrée,2024-02-21,1.0
CMD0819,2024-02-14,MED017,FRN003,63,258.3,Annulée,,
CMD0820,2024-02-11,MED006,FRN003,44,123.2,Livrée,2024-02-22,1.0
CMD0821,2024-02-12,MED024,FRN005,66,2310.0,Annulée,,
CMD0822,2024-02-11,MED021,FRN001,76,83.6,Livrée,2024-02-15,1.0
CMD0823,2024-02-14,MED014,FRN003,115,2530.0,Livrée,2024-02-25,1.0
CMD0824,2024-02-16,MED015,FRN001,140,770.0,Livrée,2024-02-22,3.0
CMD0825,2024-02-21,MED020,FRN001,140,448.0,Livrée,2024-02-23,0.0
CMD0826,2024-02-20,MED022,FRN004,155,139.5,Livrée,2024-03-11,0.0
CMD0827,2024-02-20,MED005,FRN002,71,227.2,Livrée,2024-03-01,3.0
CMD0828,2024-02-18,MED015,FRN002,100,550.0,Annulée,,
CMD0829,2024-02-22,MED025,FRN001,144,547.2,Livrée,2024-02-25,0.0
CMD0830,2024-02-19,MED011,FRN001,21,252.0,Livrée,2024-02-22,0.0
CMD0831,2024-02-20,MED025,FRN002,167,634.6,Livrée,2024-02-26,0.0
CMD0832,2024-02-20,MED005,FRN005,131,419.2,Annulée,,
CMD0833,2024-02-24,MED014,FRN004,118,2596.0,Livrée,2024-03-19,3.0
CMD0834,2024-03-01,MED007,FRN003,23,195.5,Livrée,2024-03-14,3.0
CMD0835,2024-02-29,MED007,FRN001,193,1640.5,Livrée,2024-03-03,0.0
CMD0836,2024-02-24,MED008,FRN003,99,4455.0,Livrée,2024-03-07,2.0
CMD0837,2024-02-24,MED017,FRN005,98,401.8,Livrée,2024-02-28,0.0
CMD0838,2024-02-28,MED010,FRN003,136,571.2,Annulée,,
CMD0839,2024-02-29,MED020,FRN005,106,339.2,Livrée,2024-03-05,0.0
CMD0840,2024-03-08,MED016,FRN003,68,197.2,Livrée,2024-03-20,2.0
CMD0841,2024-03-03,MED001,FRN002,77,192.5,Annulée,,
CMD0842,2024-03-03,MED007,FRN001,170,1445.0,En cours,,
CMD0843,2024-03-05,MED004,FRN003,186,279.0,Livrée,2024-03-16,1.0
CMD0844,2024-03-06,MED025,FRN005,179,680.2,Livrée,2024-03-10,0.0
CMD0845,2024-03-02,MED022,FRN001,187,168.3,Livrée,2024-03-04,0.0
CMD0846,2024-03-11,MED015,FRN004,51,280.5,En cours,,
CMD0847,2024-03-14,MED016,FRN002,72,208.8,Annulée,,
CMD0848,2024-03-14,MED021,FRN001,97,106.7,Livrée,2024-03-16,0.0
CMD0849,2024-03-13,MED022,FRN005,89,80.1,En cours,,
CMD0850,2024-03-13,MED023,FRN002,127,10795.0,Livrée,2024-03-23,3.0
CMD0851,2024-03-12,MED004,FRN003,49,73.5,Livrée,2024-03-22,0.0
CMD0852,2024-03-10,MED020,FRN002,87,278.4,En cours,,
CMD0853,2024-03-16,MED023,FRN004,95,8075.0,Livrée,2024-04-09,3.0
CMD0854,2024-03-18,MED016,FRN002,196,568.4,Livrée,2024-03-25,0.0
CMD0855,2024-03-16,MED001,FRN001,191,477.5,Livrée,2024-03-22,3.0
CMD0856,2024-03-22,MED022,FRN004,58,52.2,Livrée,2024-04-15,3.0
CMD0857,2024-03-17,MED003,FRN001,85,102.0,Annulée,,
CMD0858,2024-03-16,MED015,FRN003,87,478.5,Livrée,2024-03-25,0.0
CMD0859,2024-03-29,MED006,FRN001,94,263.2,Livrée,2024-04-02,1.0
CMD0860,2024-03-23,MED014,FRN001,44,968.0,Livrée,2024-03-26,0.0
CMD0861,2024-03-26,MED022,FRN002,104,93.6,Livrée,2024-04-05,3.0
CMD0862,2024-03-24,MED009,FRN001,115,207.0,Livrée,2024-03-26,0.0
CMD0863,2024-03-29,MED013,FRN004,136,924.8,Livrée,2024-04-21,2.0
CMD0864,2024-03-29,MED023,FRN004,127,10795.0,Annulée,,
CMD0865,2024-03-28,MED006,FRN001,53,148.4,Annulée,,
CMD0866,2024-03-27,MED002,FRN002,46,36.8,Livrée,2024-04-05,2.0
CMD0867,2024-03-26,MED019,FRN004,66,316.8,En cours,,
CMD0868,2024-03-29,MED025,FRN003,176,668.8,Livrée,2024-04-08,0.0
CMD0869,2024-03-30,MED016,FRN001,125,362.5,Livrée,2024-04-01,0.0
CMD0870,2024-04-05,MED009,FRN003,23,41.4,Annulée,,
CMD0871,2024-04-03,MED022,FRN005,167,150.3,Annulée,,
CMD0872,2024-04-04,MED008,FRN003,152,6840.0,En cours,,
CMD0873,2024-04-04,MED023,FRN005,44,3740.0,Livrée,2024-04-09,0.0
CMD0874,2024-04-04,MED016,FRN003,189,548.1,Annulée,,
CMD0875,2024-03-30,MED013,FRN002,162,1101.6,En cours,,
CMD0876,2024-04-12,MED021,FRN002,149,163.9,Livrée,2024-04-21,2.0
CMD0877,2024-04-07,MED006,FRN001,145,406.0,Livrée,2024-04-11,1.0
CMD0878,2024-04-10,MED009,FRN001,149,268.2,Livrée,2024-04-15,2.0
CMD0879,2024-04-09,MED013,FRN002,40,272.0,Livrée,2024-04-19,3.0
CMD0880,2024-04-13,MED003,FRN004,134,160.8,Livrée,2024-05-06,2.0
CMD0881,2024-04-16,MED024,FRN001,46,1610.0,Livrée,2024-04-18,0.0
CMD0882,2024-04-19,MED018,FRN005,20,70.0,Livrée,2024-04-27,3.0
CMD0883,2024-04-14,MED020,FRN003,150,480.0,En cours,,
CMD0884,2024-04-19,MED021,FRN004,107,117.7,Livrée,2024-05-09,0.0
CMD0885,2024-04-19,MED008,FRN004,104,4680.0,En cours,,
CMD0886,2024-04-18,MED020,FRN005,141,451.2,Annulée,,
CMD0887,2024-04-26,MED023,FRN004,49,4165.0,Livrée,2024-05-17,0.0
CMD0888,2024-04-26,MED001,FRN003,110,275.0,Annulée,,
CMD0889,2024-04-25,MED010,FRN005,153,642.6,Livrée,2024-04-29,0.0
CMD0890,2024-04-26,MED002,FRN002,146,116.8,Livrée,2024-05-05,2.0
CMD0891,2024-04-21,MED004,FRN003,176,264.0,Livrée,2024-04-30,0.0
CMD0892,2024-04-25,MED013,FRN002,137,931.6,Livrée,2024-05-03,1.0
CMD0893,2024-05-03,MED025,FRN004,31,117.8,Annulée,,
CMD0894,2024-04-30,MED022,FRN005,51,45.9,Livrée,2024-05-08,3.0
CMD0895,2024-05-01,MED017,FRN002,147,602.7,Livrée,2024-05-07,0.0
CMD0896,2024-05-01,MED018,FRN004,169,591.5,Livrée,2024-05-22,0.0
CMD0897,2024-05-07,MED019,FRN002,52,249.6,Livrée,2024-05-17,3.0
CMD0898,2024-05-07,MED020,FRN003,149,476.8,Livrée,2024-05-20,3.0
CMD0899,2024-05-06,MED023,FRN002,90,7650.0,Livrée,2024-05-14,1.0
CMD0900,2024-05-08,MED015,FRN002,55,302.5,Livrée,2024-05-18,3.0
CMD0901,2024-05-09,MED010,FRN005,100,420.0,Annulée,,
CMD0902,2024-05-08,MED018,FRN002,71,248.5,Livrée,2024-05-16,1.0
CMD0903,2024-05-09,MED022,FRN003,192,172.8,Livrée,2024-05-19,0.0
CMD0904,2024-05-06,MED017,FRN005,197,807.7,Annulée,,
CMD0905,2024-05-07,MED023,FRN001,110,9350.0,En cours,,
CMD0906,2024-05-17,MED019,FRN004,192,921.6,Annulée,,
CMD0907,2024-05-15,MED018,FRN003,128,448.0,Livrée,2024-05-24,0.0
CMD0908,2024-05-16,MED001,FRN004,57,142.5,Livrée,2024-06-05,0.0
CMD0909,2024-05-16,MED007,FRN003,61,518.5,Livrée,2024-05-27,1.0
CMD0910,2024-05-12,MED005,FRN001,196,627.2,Livrée,2024-05-18,3.0
CMD0911,2024-05-15,MED002,FRN003,135,108.0,Livrée,2024-05-28,3.0
CMD0912,2024-05-15,MED008,FRN005,119,5355.0,Livrée,2024-05-21,1.0
CMD0913,2024-05-14,MED023,FRN001,117,9945.0,Livrée,2024-05-18,1.0
CMD0914,2024-05-22,MED002,FRN001,84,67.2,Livrée,2024-05-27,2.0
CMD0915,2024-05-23,MED008,FRN003,170,7650.0,En cours,,
CMD0916,2024-05-21,MED020,FRN002,69,220.8,Livrée,2024-05-28,0.0
CMD0917,2024-05-23,MED022,FRN001,67,60.3,Livrée,2024-05-29,3.0
CMD0918,2024-05-20,MED004,FRN004,30,45.0,Livrée,2024-06-13,3.0
CMD0919,2024-05-24,MED009,FRN002,61,109.8,En cours,,
CMD0920,2024-05-23,MED009,FRN001,104,187.2,Livrée,2024-05-26,0.0
CMD0921,2024-05-18,MED002,FRN002,102,81.6,En cours,,
CMD0922,2024-05-28,MED021,FRN005,189,207.9,Livrée,2024-06-05,3.0
CMD0923,2024-05-27,MED018,FRN003,38,133.0,Annulée,,
CMD0924,2024-05-25,MED017,FRN002,67,274.7,En cours,,
CMD0925,2024-05-29,MED017,FRN002,126,516.6,En cours,,
CMD0926,2024-05-26,MED013,FRN001,109,741.2,Livrée,2024-05-30,1.0
CMD0927,2024-05-31,MED011,FRN003,95,1140.0,Livrée,2024-06-13,3.0
CMD0928,2024-05-25,MED017,FRN004,163,668.3,Annulée,,
CMD0929,2024-05-30,MED004,FRN003,134,201.0,Livrée,2024-06-12,3.0
CMD0930,2024-05-27,MED020,FRN002,30,96.0,Annulée,,
CMD0931,2024-05-29,MED013,FRN001,118,802.4,Livrée,2024-06-02,1.0
CMD0932,2024-06-04,MED017,FRN003,151,619.1,En cours,,
CMD0933,2024-06-02,MED016,FRN001,95,275.5,Annulée,,
CMD0934,2024-06-02,MED011,FRN005,41,492.0,Livrée,2024-06-10,3.0
CMD0935,2024-06-02,MED018,FRN001,180,630.0,Livrée,2024-06-05,0.0
CMD0936,2024-06-12,MED022,FRN004,46,41.4,Livrée,2024-07-05,2.0
CMD0937,2024-06-08,MED021,FRN001,195,214.5,Livrée,2024-06-13,2.0
CMD0938,2024-06-08,MED023,FRN003,29,2465.0,Livrée,2024-06-17,0.0
CMD0939,2024-06-12,MED006,FRN003,162,453.6,Livrée,2024-06-22,0.0
CMD0940,2024-06-13,MED009,FRN004,119,214.2,Livrée,2024-07-06,2.0
CMD0941,2024-06-13,MED014,FRN003,24,528.0,Livrée,2024-06-22,0.0
CMD0942,2024-06-12,MED018,FRN001,184,644.0,Annulée,,
CMD0943,2024-06-14,MED003,FRN005,31,37.2,Annulée,,
CMD0944,2024-06-10,MED003,FRN003,148,177.6,Livrée,2024-06-21,1.0
CMD0945,2024-06-11,MED020,FRN001,92,294.4,Livrée,2024-06-16,2.0
CMD0946,2024-06-19,MED022,FRN001,141,126.9,Livrée,2024-06-22,0.0
CMD0947,2024-06-20,MED005,FRN004,159,508.8,Livrée,2024-07-11,0.0
CMD0948,2024-06-21,MED010,FRN003,22,92.4,En cours,,
CMD0949,2024-06-15,MED018,FRN002,51,178.5,Livrée,2024-06-25,3.0
CMD0950,2024-06-15,MED020,FRN004,157,502.4,En cours,,
CMD0951,2024-06-18,MED010,FRN002,108,453.6,Livrée,2024-06-28,3.0
CMD0952,2024-06-19,MED005,FRN002,67,214.4,Livrée,2024-06-27,1.0
CMD0953,2024-06-21,MED007,FRN001,66,561.0,Annulée,,
CMD0954,2024-06-20,MED019,FRN001,160,768.0,Livrée,2024-06-26,3.0
CMD0955,2024-06-17,MED003,FRN003,191,229.2,Livrée,2024-06-26,0.0
CMD0956,2024-06-24,MED024,FRN005,144,5040.0,Livrée,2024-06-29,0.0
CMD0957,2024-06-26,MED022,FRN002,45,40.5,Livrée,2024-07-02,0.0
CMD0958,2024-06-24,MED007,FRN003,144,1224.0,Livrée,2024-07-07,3.0
CMD0959,2024-06-23,MED022,FRN003,197,177.3,En cours,,
CMD0960,2024-06-25,MED019,FRN005,113,542.4,Livrée,2024-06-30,0.0
CMD0961,2024-07-04,MED011,FRN002,76,912.0,Annulée,,
CMD0962,2024-06-30,MED021,FRN004,90,99.0,Livrée,2024-07-22,1.0
CMD0963,2024-07-05,MED016,FRN004,134,388.6,Livrée,2024-07-27,1.0
CMD0964,2024-07-04,MED016,FRN005,47,136.3,Livrée,2024-07-12,3.0
