absence_id,employe_id,departement_id,date_debut,date_fin,nb_jours,motif,justifiee,impact_salaire
ABS00001,EMP0001,DEP01,2024-01-10,2024-01-11,2,Conge maladie enfant,1,0
ABS00002,EMP0001,DEP01,2023-11-05,2023-11-09,5,Maladie,0,0
ABS00003,EMP0003,DEP01,2023-06-21,2023-06-25,5,Absence injustifiee,1,0
ABS00004,EMP0003,DEP01,2024-04-05,2024-04-06,2,Maladie,0,0
ABS00005,EMP0004,DEP01,2023-11-21,2023-11-27,7,Maladie,1,0
ABS00006,EMP0006,DEP02,2021-09-27,2021-09-27,-4,Conge exceptionnel,0,0
ABS00007,EMP0006,DEP02,2023-09-20,2023-09-20,1,Maladie,1,0
ABS00008,EMP0006,DEP02,2022-01-23,2022-01-25,3,Maladie,1,0
ABS00009,EMP0006,DEP02,2021-10-02,2021-10-02,1,Conge maladie enfant,1,0
ABS00010,EMP0006,DEP02,2023-02-13,2023-02-13,1,Maladie,1,0
ABS00011,EMP0008,DEP02,2024-02-17,2024-02-18,2,Maladie,1,0
ABS00012,EMP0008,DEP02,2021-08-14,2021-08-14,1,Maladie,1,0
ABS00013,EMP0008,DEP02,2022-11-16,2022-11-20,5,Maladie,1,0
ABS00014,EMP0008,DEP02,2022-05-27,2022-05-27,1,Accident travail,1,1
ABS00015,EMP0008,DEP02,2021-11-11,2021-11-11,1,Conge maladie enfant,1,0
ABS00016,EMP0009,DEP02,2023-11-26,2023-11-26,1,Accident travail,0,0
ABS00017,EMP0010,DEP02,2022-12-26,2022-12-30,5,Maladie,1,0
ABS00018,EMP0014,DEP02,2021-07-18,2021-07-20,3,Maladie,1,1
ABS00019,EMP0015,DEP02,2023-01-20,2023-01-20,1,Maladie,1,1
ABS00020,EMP0015,DEP02,2024-06-15,2024-06-15,1,Maladie,1,0
ABS00021,EMP0015,DEP02,2023-03-14,2023-03-14,1,Maladie,1,0
ABS00022,EMP0015,DEP02,2021-11-06,2021-11-06,1,Maladie,1,1
ABS00023,EMP0016,DEP02,2023-07-20,2023-07-21,2,Conge exceptionnel,1,1
ABS00024,EMP0021,DEP02,2021-04-14,2021-04-14,1,Maladie,1,1
ABS00025,EMP0022,DEP02,2021-04-08,2021-04-09,2,Maladie,1,0
ABS00026,EMP0022,DEP02,2022-09-07,2022-09-09,3,Maladie,1,1
ABS00027,EMP0022,DEP02,2022-06-20,2022-06-24,5,Conge maladie enfant,1,0
ABS00028,EMP0022,DEP02,2021-05-26,2021-06-01,7,Maladie,1,0
ABS00029,EMP0022,DEP02,2022-08-27,2022-08-27,1,Maladie,1,1
ABS00030,EMP0024,DEP02,2022-07-01,2022-07-01,1,Maladie,0,0
ABS00031,EMP0024,DEP02,2022-08-15,2022-08-17,3,Maladie,1,1
ABS00032,EMP0025,DEP02,2023-03-21,2023-03-25,5,Maladie,0,0
ABS00033,EMP0025,DEP02,2022-11-17,2022-11-18,2,Conge maladie enfant,1,0
ABS00034,EMP0026,DEP02,2023-04-21,2023-04-22,2,Maladie,1,1
ABS00035,EMP0027,DEP02,2024-04-01,2024-04-01,1,Maladie,1,0
ABS00036,EMP0027,DEP02,2021-08-12,2021-08-18,7,Maladie,1,1
ABS00037,EMP0027,DEP02,2024-04-04,2024-04-13,10,Maladie,0,0
ABS00038,EMP0028,DEP02,2023-03-07,2023-03-08,2,Maladie,1,1
ABS00039,EMP0028,DEP02,2023-09-15,2023-09-19,5,Conge maladie enfant,0,0
ABS00040,EMP0032,DEP02,2023-06-28,2023-07-02,5,Absence injustifiee,1,0
ABS00041,EMP0034,DEP02,2023-06-27,2023-06-29,3,Conge exceptionnel,1,0
ABS00042,EMP0034,DEP02,2023-09-18,2023-09-24,7,Maladie,1,0
ABS00043,EMP0034,DEP02,2023-06-29,2023-06-30,2,Maladie,1,0
ABS00044,EMP0035,DEP02,2021-06-14,2021-06-20,7,Maladie,1,0
ABS00045,EMP0035,DEP02,2024-04-26,2024-04-27,2,Conge exceptionnel,0,1
ABS00046,EMP0037,DEP02,2023-06-17,2023-06-26,10,Conge maladie enfant,1,0
ABS00047,EMP0037,DEP02,2021-04-10,2021-04-12,3,Maladie,1,0
ABS00048,EMP0037,DEP02,2022-07-07,2022-07-11,5,Maladie,1,0
ABS00049,EMP0039,DEP02,2024-01-26,2024-02-04,10,Accident travail,1,0
ABS00050,EMP0040,DEP02,2021-03-01,2021-03-01,1,Conge maladie enfant,1,1
ABS00051,EMP0040,DEP02,2024-01-07,2024-01-08,-4,Conge maladie enfant,1,0
ABS00052,EMP0040,DEP02,2022-12-13,2022-12-14,2,Maladie,1,1
ABS00053,EMP0041,DEP02,2022-11-13,2022-11-13,1,Absence injustifiee,1,0
ABS00054,EMP0041,DEP02,2024-02-20,2024-02-29,10,Maladie,0,1
ABS00055,EMP0041,DEP02,2024-02-19,2024-02-25,7,Maladie,1,0
ABS00056,EMP0041,DEP02,2023-10-24,2023-10-30,7,Maladie,0,1
ABS00057,EMP0041,DEP02,2024-01-16,2024-01-16,1,Maladie,1,1
ABS00058,EMP0043,DEP02,2021-05-06,2021-05-08,3,Maladie,1,1
ABS00059,EMP0043,DEP02,2021-07-04,2021-07-05,2,Conge maladie enfant,0,0
ABS00060,EMP0044,DEP02,2022-01-21,2022-01-23,3,Conge exceptionnel,1,1
ABS00061,EMP0046,DEP02,2024-04-22,2024-04-22,1,Maladie,1,0
ABS00062,EMP0046,DEP02,2021-07-28,2021-08-01,5,Maladie,0,1
ABS00063,EMP0046,DEP02,2022-12-25,2022-12-26,2,Conge maladie enfant,1,0
ABS00064,EMP0047,DEP02,2022-03-21,2022-03-21,1,Maladie,1,0
ABS00065,EMP0047,DEP02,2021-09-28,2021-09-30,3,Maladie,1,0
ABS00066,EMP0049,DEP02,2024-04-11,2024-04-11,1,Conge maladie enfant,1,0
ABS00067,EMP0049,DEP02,2024-06-10,2024-06-11,2,Absence injustifiee,1,0
ABS00068,EMP0049,DEP02,2024-05-30,2024-06-05,7,Maladie,1,1
ABS00069,EMP0050,DEP02,2021-10-20,2021-10-24,5,Maladie,1,1
ABS00070,EMP0050,DEP02,2023-02-14,2023-02-16,3,Maladie,1,1
ABS00071,EMP0053,DEP02,2022-01-14,2022-01-14,1,Conge exceptionnel,1,0
ABS00072,EMP0053,DEP02,2021-02-06,2021-02-08,3,Conge maladie enfant,1,0
ABS00073,EMP0055,DEP02,2024-01-02,2024-01-02,1,Maladie,1,1
ABS00074,EMP0057,DEP02,2024-05-17,2024-05-17,1,Maladie,0,0
ABS00075,EMP0057,DEP02,2023-02-04,2023-02-06,3,Accident travail,1,0
ABS00076,EMP0057,DEP02,2024-01-16,2024-01-22,7,Conge maladie enfant,1,1
ABS00077,EMP0059,DEP02,2023-04-19,2023-05-03,15,Absence injustifiee,1,0
ABS00078,EMP0060,DEP02,2024-05-24,2024-05-25,2,Conge maladie enfant,1,1
ABS00079,EMP0060,DEP02,2023-07-28,2023-07-28,1,Maladie,1,1
ABS00080,EMP0060,DEP02,2024-01-14,2024-01-15,2,Accident travail,1,0
ABS00081,EMP0060,DEP02,2024-03-15,2024-03-19,5,Conge exceptionnel,1,0
ABS00082,EMP0061,DEP02,2024-04-06,2024-04-10,5,Maladie,1,0
ABS00083,EMP0063,DEP02,2022-07-06,2022-07-06,1,Maladie,1,0
ABS00084,EMP0063,DEP02,2023-08-19,2023-08-25,7,Maladie,1,0
ABS00085,EMP0067,DEP02,2023-11-21,2023-11-25,5,Maladie,1,0
ABS00086,EMP0068,DEP02,2023-08-24,2023-08-28,5,Conge exceptionnel,1,0
ABS00087,EMP0068,DEP02,2024-02-04,2024-02-06,3,Maladie,0,0
ABS00088,EMP0068,DEP02,2024-05-02,2024-05-04,3,Accident travail,1,0
ABS00089,EMP0068,DEP02,2023-09-05,2023-09-05,1,Conge maladie enfant,0,0
ABS00090,EMP0069,DEP02,2021-02-21,2021-02-23,3,Absence injustifiee,1,0
ABS00091,EMP0069,DEP02,2023-05-19,2023-05-21,3,Conge maladie enfant,1,0
ABS00092,EMP0069,DEP02,2021-10-29,2021-10-29,1,Maladie,1,0
ABS00093,EMP0071,DEP02,2022-02-26,2022-02-26,1,Accident travail,1,0
ABS00094,EMP0071,DEP02,2023-12-18,2023-12-22,5,Maladie,1,1
ABS00095,EMP0071,DEP02,2024-01-16,2024-01-22,7,Accident travail,1,0
ABS00096,EMP0072,DEP02,2021-07-28,2021-07-30,3,Conge maladie enfant,0,1
ABS00097,EMP0074,DEP02,2023-05-16,2023-05-20,5,Maladie,1,1
ABS00098,EMP0074,DEP02,2023-05-29,2023-06-04,7,Maladie,1,0
ABS00099,EMP0077,DEP02,2023-08-13,2023-08-14,2,Accident travail,1,0
ABS00100,EMP0077,DEP02,2023-08-15,2023-08-16,2,Conge maladie enfant,1,0
ABS00101,EMP0079,DEP02,2022-05-23,2022-05-25,3,Maladie,0,1
ABS00102,EMP0080,DEP02,2021-11-27,2021-11-27,1,Absence injustifiee,1,0
ABS00103,EMP0080,DEP02,2022-12-07,2022-12-13,7,Conge maladie enfant,1,0
ABS00104,EMP0080,DEP02,2023-07-08,2023-07-12,5,Conge maladie enfant,1,0
ABS00105,EMP0081,DEP02,2023-04-03,2023-04-07,5,Maladie,1,0
ABS00106,EMP0081,DEP02,2021-11-21,2021-11-27,7,Accident travail,1,0
ABS00107,EMP0082,DEP02,2023-11-09,2023-11-09,1,Maladie,1,0
ABS00108,EMP0082,DEP02,2021-02-14,2021-02-14,1,Conge maladie enfant,1,0
ABS00109,EMP0082,DEP02,2022-06-23,2022-06-27,5,Accident travail,1,0
ABS00110,EMP0083,DEP02,2022-04-29,2022-05-05,7,Absence injustifiee,1,1
ABS00111,EMP0084,DEP02,2023-12-24,2023-12-24,1,Maladie,1,1
ABS00112,EMP0085,DEP02,2022-09-10,2022-09-16,7,Maladie,1,1
ABS00113,EMP0085,DEP02,2023-08-16,2023-08-22,7,Maladie,1,1
ABS00114,EMP0085,DEP02,2022-08-07,2022-08-07,1,Conge maladie enfant,1,0
ABS00115,EMP0090,DEP02,2022-03-27,2022-03-29,3,Conge maladie enfant,1,0
ABS00116,EMP0090,DEP02,2024-01-28,2024-02-01,5,Accident travail,1,1
ABS00117,EMP0090,DEP02,2021-07-03,2021-07-05,3,Maladie,1,0
ABS00118,EMP0090,DEP02,2021-12-18,2021-12-22,5,Conge maladie enfant,1,0
ABS00119,EMP0090,DEP02,2021-07-20,2021-07-21,2,Conge maladie enfant,0,0
ABS00120,EMP0091,DEP02,2023-02-23,2023-02-25,3,Maladie,1,0
ABS00121,EMP0091,DEP02,2024-03-15,2024-03-19,5,Absence injustifiee,1,1
ABS00122,EMP0093,DEP02,2022-10-29,2022-11-12,15,Absence injustifiee,1,0
ABS00123,EMP0093,DEP02,2023-02-11,2023-02-13,3,Maladie,1,1
ABS00124,EMP0095,DEP02,2021-12-28,2022-01-01,5,Conge maladie enfant,1,0
ABS00125,EMP0095,DEP02,2022-05-06,2022-05-10,5,Maladie,0,0
ABS00126,EMP0096,DEP02,2023-05-25,2023-05-25,1,Conge maladie enfant,1,1
ABS00127,EMP0096,DEP02,2022-09-17,2022-09-18,2,Maladie,0,0
ABS00128,EMP0099,DEP02,2023-12-14,2023-12-18,5,Conge maladie enfant,1,1
ABS00129,EMP0099,DEP02,2023-02-07,2023-02-11,5,Absence injustifiee,1,1
ABS00130,EMP0100,DEP02,2022-03-13,2022-03-17,5,Maladie,1,0
ABS00131,EMP0100,DEP02,2022-07-15,2022-07-16,2,Absence injustifiee,1,1
ABS00132,EMP0100,DEP02,2023-02-05,2023-02-09,5,Maladie,1,0
ABS00133,EMP0101,DEP03,2022-05-10,2022-05-14,5,Conge maladie enfant,1,0
ABS00134,EMP0103,DEP03,2022-08-27,2022-09-05,10,Maladie,0,0
ABS00135,EMP0104,DEP03,2023-03-12,2023-03-13,2,Maladie,1,1
ABS00136,EMP0105,DEP03,2024-01-28,2024-02-06,10,Maladie,1,0
ABS00137,EMP0107,DEP03,2023-12-13,2023-12-17,5,Conge maladie enfant,1,0
ABS00138,EMP0109,DEP03,2022-01-14,2022-01-20,7,Conge exceptionnel,1,1
ABS00139,EMP0109,DEP03,2021-03-17,2021-03-19,3,Accident travail,1,0
ABS00140,EMP0109,DEP03,2021-09-10,2021-09-10,1,Conge maladie enfant,1,0
ABS00141,EMP0111,DEP03,2022-08-24,2022-08-24,1,Maladie,0,0
ABS00142,EMP0112,DEP03,2023-08-13,2023-08-15,3,Maladie,1,1
ABS00143,EMP0112,DEP03,2023-09-22,2023-09-24,3,Maladie,0,0
ABS00144,EMP0116,DEP03,2021-08-20,2021-08-21,2,Accident travail,1,0
ABS00145,EMP0116,DEP03,2021-04-26,2021-04-28,3,Maladie,1,0
ABS00146,EMP0117,DEP03,2022-04-04,2022-04-04,1,Maladie,1,1
ABS00147,EMP0118,DEP03,2021-01-07,2021-01-09,3,Maladie,1,0
ABS00148,EMP0119,DEP03,2021-12-01,2021-12-02,2,Conge maladie enfant,1,1
ABS00149,EMP0119,DEP03,2022-01-07,2022-01-09,3,Maladie,1,0
ABS00150,EMP0119,DEP03,2021-01-22,2021-01-23,2,Conge exceptionnel,1,0
ABS00151,EMP0120,DEP03,2022-05-30,2022-05-31,2,Maladie,1,0
ABS00152,EMP0120,DEP03,2022-11-06,2022-11-10,5,Conge maladie enfant,0,0
ABS00153,EMP0122,DEP03,2022-01-27,2022-01-29,3,Accident travail,1,0
ABS00154,EMP0123,DEP03,2024-06-17,2024-06-17,1,Accident travail,1,0
ABS00155,EMP0123,DEP03,2022-07-09,2022-07-10,2,Conge maladie enfant,1,0
ABS00156,EMP0123,DEP03,2023-02-27,2023-03-03,5,Maladie,1,0
ABS00157,EMP0124,DEP03,2022-01-15,2022-01-17,3,Absence injustifiee,1,0
ABS00158,EMP0125,DEP03,2023-01-08,2023-01-10,3,Accident travail,1,0
ABS00159,EMP0127,DEP03,2021-06-29,2021-07-03,5,Absence injustifiee,1,1
ABS00160,EMP0127,DEP03,2021-09-10,2021-09-12,3,Conge maladie enfant,1,1
ABS00161,EMP0128,DEP03,2023-08-05,2023-08-06,2,Maladie,1,0
ABS00162,EMP0128,DEP03,2023-06-24,2023-07-03,10,Conge maladie enfant,1,1
ABS00163,EMP0128,DEP03,2023-08-04,2023-08-05,2,Conge maladie enfant,0,1
ABS00164,EMP0128,DEP03,2022-07-24,2022-07-28,5,Conge maladie enfant,1,0
ABS00165,EMP0131,DEP03,2024-01-06,2024-01-07,2,Absence injustifiee,1,0
ABS00166,EMP0132,DEP03,2022-12-16,2022-12-16,1,Conge exceptionnel,1,0
ABS00167,EMP0132,DEP03,2022-11-10,2022-11-10,1,Accident travail,1,0
ABS00168,EMP0132,DEP03,2022-09-07,2022-09-09,3,Maladie,1,1
ABS00169,EMP0132,DEP03,2024-05-17,2024-05-18,2,Conge maladie enfant,1,0
ABS00170,EMP0133,DEP03,2023-09-26,2023-09-28,3,Maladie,1,0
ABS00171,EMP0133,DEP03,2024-03-25,2024-03-25,1,Accident travail,1,1
ABS00172,EMP0134,DEP03,2022-01-13,2022-01-15,3,Maladie,0,0
ABS00173,EMP0135,DEP03,2021-10-15,2021-10-19,5,Conge exceptionnel,1,0
ABS00174,EMP0136,DEP03,2022-10-16,2022-10-22,7,Conge exceptionnel,1,0
ABS00175,EMP0142,DEP03,2023-04-25,2023-04-26,2,Absence injustifiee,1,1
ABS00176,EMP0143,DEP03,2021-07-14,2021-07-14,1,Conge exceptionnel,1,1
ABS00177,EMP0143,DEP03,2021-08-28,2021-08-30,3,Maladie,1,0
ABS00178,EMP0145,DEP03,2023-08-05,2023-08-11,7,Maladie,1,1
ABS00179,EMP0145,DEP03,2022-10-24,2022-10-24,1,Conge exceptionnel,1,1
ABS00180,EMP0146,DEP03,2021-02-03,2021-02-07,5,Maladie,0,1
ABS00181,EMP0147,DEP03,2021-10-16,2021-10-25,10,Accident travail,1,0
ABS00182,EMP0148,DEP03,2023-04-29,2023-05-01,3,Absence injustifiee,0,0
ABS00183,EMP0148,DEP03,2023-05-06,2023-05-06,1,Conge maladie enfant,1,0
ABS00184,EMP0148,DEP03,2021-08-19,2021-08-23,5,Conge maladie enfant,0,0
ABS00185,EMP0150,DEP03,2022-02-04,2022-02-06,3,Maladie,1,1
ABS00186,EMP0150,DEP03,2021-08-26,2021-08-30,5,Maladie,1,0
ABS00187,EMP0152,DEP03,2023-10-05,2023-10-05,1,Maladie,1,1
ABS00188,EMP0152,DEP03,2023-05-14,2023-05-18,5,Absence injustifiee,1,0
ABS00189,EMP0152,DEP03,2024-01-27,2024-01-31,5,Absence injustifiee,0,0
ABS00190,EMP0152,DEP03,2023-01-09,2023-01-11,3,Maladie,1,0
ABS00191,EMP0153,DEP03,2022-03-24,2022-03-24,1,Accident travail,1,1
ABS00192,EMP0155,DEP03,2023-12-11,2023-12-17,7,Maladie,1,0
ABS00193,EMP0155,DEP03,2024-06-17,2024-06-21,5,Conge maladie enfant,1,0
ABS00194,EMP0155,DEP03,2023-12-17,2023-12-19,3,Conge exceptionnel,1,1
ABS00195,EMP0155,DEP03,2024-06-17,2024-06-23,7,Maladie,1,0
ABS00196,EMP0156,DEP03,2021-02-21,2021-03-02,10,Maladie,1,1
ABS00197,EMP0157,DEP03,2022-08-11,2022-08-11,1,Maladie,1,1
ABS00198,EMP0158,DEP03,2022-11-06,2022-11-08,3,Conge maladie enfant,1,1
ABS00199,EMP0159,DEP03,2021-05-14,2021-05-14,1,Maladie,1,1
ABS00200,EMP0164,DEP03,2021-05-13,2021-05-15,3,Conge maladie enfant,1,1
ABS00201,EMP0164,DEP03,2022-07-28,2022-07-29,-2,Conge maladie enfant,1,1
ABS00202,EMP0164,DEP03,2022-01-04,2022-01-08,5,Maladie,0,1
ABS00203,EMP0167,DEP03,2024-03-11,2024-03-11,1,Absence injustifiee,1,0
ABS00204,EMP0167,DEP03,2021-11-06,2021-11-06,1,Absence injustifiee,1,0
ABS00205,EMP0167,DEP03,2022-04-12,2022-04-12,1,Absence injustifiee,1,0
ABS00206,EMP0167,DEP03,2023-03-08,2023-03-09,2,Maladie,1,0
ABS00207,EMP0172,DEP03,2022-09-26,2022-09-30,5,Maladie,1,0
ABS00208,EMP0173,DEP03,2021-02-11,2021-02-17,7,Accident travail,0,0
ABS00209,EMP0174,DEP03,2023-12-15,2023-12-17,3,Absence injustifiee,1,0
ABS00210,EMP0176,DEP03,2021-04-25,2021-04-25,1,Maladie,1,0
ABS00211,EMP0176,DEP03,2022-10-30,2022-11-01,3,Conge maladie enfant,1,1
ABS00212,EMP0176,DEP03,2023-07-13,2023-07-13,1,Maladie,1,1
ABS00213,EMP0176,DEP03,2022-07-22,2022-07-31,10,Conge maladie enfant,1,0
ABS00214,EMP0179,DEP03,2023-03-25,2023-03-29,5,Conge maladie enfant,0,0
ABS00215,EMP0179,DEP03,2023-05-12,2023-05-12,1,Maladie,1,1
ABS00216,EMP0179,DEP03,2024-06-27,2024-06-28,2,Absence injustifiee,1,0
ABS00217,EMP0179,DEP03,2022-11-02,2022-11-03,2,Maladie,0,0
ABS00218,EMP0180,DEP03,2024-04-18,2024-04-18,1,Maladie,1,1
ABS00219,EMP0180,DEP03,2024-01-26,2024-02-04,10,Accident travail,1,0
ABS00220,EMP0181,DEP03,2024-04-16,2024-04-16,1,Accident travail,1,1
ABS00221,EMP0181,DEP03,2023-12-16,2023-12-18,3,Maladie,1,0
ABS00222,EMP0181,DEP03,2023-11-26,2023-11-30,5,Conge maladie enfant,1,0
ABS00223,EMP0181,DEP03,2023-12-30,2024-01-01,3,Maladie,1,0
ABS00224,EMP0182,DEP03,2022-03-26,2022-04-09,15,Accident travail,1,1
ABS00225,EMP0182,DEP03,2021-12-25,2021-12-27,3,Maladie,0,0
ABS00226,EMP0184,DEP03,2023-06-04,2023-06-06,3,Maladie,0,0
ABS00227,EMP0185,DEP03,2021-10-11,2021-10-11,1,Maladie,1,0
ABS00228,EMP0185,DEP03,2023-10-19,2023-11-02,15,Absence injustifiee,0,0
ABS00229,EMP0185,DEP03,2022-04-29,2022-05-01,3,Conge maladie enfant,1,1
ABS00230,EMP0185,DEP03,2023-04-23,2023-04-24,2,Conge maladie enfant,0,0
ABS00231,EMP0187,DEP03,2024-03-22,2024-03-24,3,Maladie,1,0
ABS00232,EMP0187,DEP03,2024-06-28,2024-06-30,10,Maladie,1,1
ABS00233,EMP0188,DEP03,2024-03-11,2024-03-17,7,Conge exceptionnel,1,1
ABS00234,EMP0188,DEP03,2024-04-12,2024-04-13,2,Maladie,1,1
ABS00235,EMP0188,DEP03,2023-11-27,2023-11-28,2,Conge exceptionnel,1,0
ABS00236,EMP0188,DEP03,2023-04-20,2023-04-24,5,Maladie,1,0
ABS00237,EMP0188,DEP03,2023-06-10,2023-06-10,1,Accident travail,0,1
ABS00238,EMP0189,DEP03,2024-04-22,2024-04-22,1,Conge maladie enfant,1,0
ABS00239,EMP0189,DEP03,2022-04-10,2022-04-10,1,Conge maladie enfant,1,1
ABS00240,EMP0192,DEP03,2021-05-22,2021-05-26,5,Maladie,1,0
ABS00241,EMP0193,DEP03,2022-04-02,2022-04-02,1,Maladie,1,0
ABS00242,EMP0193,DEP03,2021-09-10,2021-09-10,1,Absence injustifiee,1,1
ABS00243,EMP0193,DEP03,2022-03-31,2022-04-01,2,Maladie,1,1
ABS00244,EMP0194,DEP03,2024-03-27,2024-03-31,5,Absence injustifiee,1,0
ABS00245,EMP0194,DEP03,2023-08-18,2023-08-22,5,Maladie,1,1
ABS00246,EMP0194,DEP03,2022-08-06,2022-08-08,3,Conge maladie enfant,1,0
ABS00247,EMP0196,DEP03,2023-07-24,2023-07-28,5,Absence injustifiee,1,1
ABS00248,EMP0197,DEP03,2024-01-21,2024-01-27,7,Absence injustifiee,0,1
ABS00249,EMP0197,DEP03,2022-06-05,2022-06-07,3,Maladie,1,1
ABS00250,EMP0197,DEP03,2022-08-16,2022-08-17,2,Conge maladie enfant,1,1
ABS00251,EMP0197,DEP03,2022-05-12,2022-05-13,2,Absence injustifiee,1,0
ABS00252,EMP0198,DEP03,2023-09-06,2023-09-10,5,Conge maladie enfant,1,0
ABS00253,EMP0200,DEP03,2023-08-13,2023-08-22,10,Accident travail,1,1
ABS00254,EMP0201,DEP03,2022-08-10,2022-08-14,5,Maladie,1,0
ABS00255,EMP0202,DEP03,2024-01-25,2024-02-08,15,Maladie,1,1
ABS00256,EMP0203,DEP03,2024-02-18,2024-02-18,1,Maladie,1,0
ABS00257,EMP0205,DEP03,2022-02-16,2022-02-20,5,Maladie,1,0
ABS00258,EMP0206,DEP03,2022-06-03,2022-06-09,7,Conge exceptionnel,0,0
ABS00259,EMP0207,DEP03,2023-01-10,2023-01-12,3,Maladie,1,0
ABS00260,EMP0207,DEP03,2022-04-14,2022-04-20,7,Conge exceptionnel,1,1
ABS00261,EMP0209,DEP03,2022-01-19,2022-01-19,1,Absence injustifiee,1,1
ABS00262,EMP0209,DEP03,2023-08-21,2023-08-22,2,Conge exceptionnel,1,1
ABS00263,EMP0209,DEP03,2021-11-28,2021-12-02,5,Conge exceptionnel,1,0
ABS00264,EMP0209,DEP03,2022-02-05,2022-02-11,7,Absence injustifiee,0,0
ABS00265,EMP0211,DEP04,2021-02-09,2021-02-10,2,Absence injustifiee,1,1
ABS00266,EMP0211,DEP04,2023-09-23,2023-09-27,5,Accident travail,1,0
ABS00267,EMP0211,DEP04,2024-03-20,2024-03-21,2,Conge exceptionnel,1,0
ABS00268,EMP0211,DEP04,2022-12-07,2022-12-11,5,Maladie,0,0
ABS00269,EMP0212,DEP04,2021-05-24,2021-05-30,7,Absence injustifiee,1,1
ABS00270,EMP0216,DEP04,2021-11-20,2021-11-21,2,Conge exceptionnel,1,0
ABS00271,EMP0217,DEP04,2022-11-21,2022-11-25,5,Conge maladie enfant,1,0
ABS00272,EMP0217,DEP04,2021-06-10,2021-06-16,7,Maladie,1,0
ABS00273,EMP0217,DEP04,2023-08-09,2023-08-11,3,Absence injustifiee,1,1
ABS00274,EMP0222,DEP04,2022-07-17,2022-07-21,5,Maladie,1,0
ABS00275,EMP0223,DEP04,2023-05-12,2023-05-13,2,Conge maladie enfant,0,0
ABS00276,EMP0225,DEP04,2023-05-27,2023-05-27,1,Maladie,1,0
ABS00277,EMP0225,DEP04,2023-07-02,2023-07-04,3,Conge exceptionnel,1,1
ABS00278,EMP0225,DEP04,2023-07-02,2023-07-02,1,Conge maladie enfant,0,0
ABS00279,EMP0225,DEP04,2024-02-13,2024-02-14,2,Conge maladie enfant,1,1
ABS00280,EMP0226,DEP04,2024-06-21,2024-06-21,1,Conge maladie enfant,1,0
ABS00281,EMP0227,DEP04,2021-11-21,2021-11-21,1,Maladie,0,1
ABS00282,EMP0227,DEP04,2023-12-23,2023-12-27,5,Conge maladie enfant,1,0
ABS00283,EMP0227,DEP04,2024-03-16,2024-03-22,7,Maladie,1,0
ABS00284,EMP0227,DEP04,2023-06-30,2023-06-30,1,Absence injustifiee,1,1
ABS00285,EMP0227,DEP04,2023-06-20,2023-06-26,7,Maladie,0,1
ABS00286,EMP0229,DEP04,2022-10-09,2022-10-09,1,Maladie,0,1
ABS00287,EMP0229,DEP04,2022-03-31,2022-04-02,3,Conge maladie enfant,1,0
ABS00288,EMP0231,DEP04,2022-09-03,2022-09-12,10,Absence injustifiee,0,0
ABS00289,EMP0231,DEP04,2023-09-30,2023-10-02,3,Conge exceptionnel,1,1
ABS00290,EMP0231,DEP04,2021-11-12,2021-11-14,3,Maladie,1,0
ABS00291,EMP0231,DEP04,2022-09-18,2022-09-24,7,Maladie,1,0
ABS00292,EMP0232,DEP04,2021-11-29,2021-11-30,2,Maladie,0,1
ABS00293,EMP0232,DEP04,2024-01-10,2024-01-14,5,Maladie,1,0
ABS00294,EMP0233,DEP04,2023-05-15,2023-05-19,5,Maladie,1,0
ABS00295,EMP0234,DEP04,2021-07-04,2021-07-06,3,Maladie,1,1
ABS00296,EMP0236,DEP04,2023-08-22,2023-08-31,10,Maladie,1,0
ABS00297,EMP0236,DEP04,2022-11-11,2022-11-12,2,Conge maladie enfant,0,0
ABS00298,EMP0236,DEP04,2024-02-17,2024-02-21,5,Maladie,1,1
ABS00299,EMP0238,DEP04,2022-10-20,2022-10-20,1,Absence injustifiee,1,1
ABS00300,EMP0239,DEP04,2023-06-30,2023-07-09,10,Maladie,1,1
ABS00301,EMP0239,DEP04,2022-10-02,2022-10-03,2,Maladie,1,1
ABS00302,EMP0240,DEP04,2021-10-31,2021-11-04,5,Maladie,1,0
ABS00303,EMP0240,DEP04,2022-11-22,2022-11-24,3,Conge maladie enfant,1,1
ABS00304,EMP0240,DEP04,2021-10-25,2021-10-26,2,Maladie,1,1
ABS00305,EMP0240,DEP04,2024-06-06,2024-06-07,2,Conge maladie enfant,1,0
ABS00306,EMP0243,DEP04,2023-11-24,2023-11-25,2,Conge maladie enfant,1,1
ABS00307,EMP0243,DEP04,2023-10-08,2023-10-17,10,Maladie,0,1
ABS00308,EMP0244,DEP04,2022-08-14,2022-08-20,7,Conge maladie enfant,0,0
ABS00309,EMP0244,DEP04,2022-04-26,2022-04-28,3,Maladie,1,0
ABS00310,EMP0245,DEP04,2021-08-07,2021-08-07,1,Maladie,1,1
ABS00311,EMP0245,DEP04,2021-06-26,2021-07-02,7,Maladie,0,0
ABS00312,EMP0245,DEP04,2023-10-28,2023-10-30,3,Conge maladie enfant,1,0
ABS00313,EMP0245,DEP04,2021-12-26,2021-12-28,3,Maladie,0,1
ABS00314,EMP0248,DEP04,2023-03-15,2023-03-15,1,Maladie,1,0
ABS00315,EMP0248,DEP04,2021-05-12,2021-05-16,5,Maladie,1,1
ABS00316,EMP0248,DEP04,2023-10-13,2023-10-22,10,Absence injustifiee,1,1
ABS00317,EMP0248,DEP04,2022-05-07,2022-05-09,3,Accident travail,0,0
ABS00318,EMP0248,DEP04,2023-06-27,2023-06-27,1,Maladie,1,0
ABS00319,EMP0252,DEP04,2022-08-06,2022-08-08,3,Conge maladie enfant,1,1
ABS00320,EMP0253,DEP04,2023-10-01,2023-10-02,2,Accident travail,1,0
ABS00321,EMP0254,DEP04,2024-06-04,2024-06-08,5,Accident travail,1,0
ABS00322,EMP0255,DEP04,2023-12-17,2023-12-17,1,Maladie,0,0
ABS00323,EMP0255,DEP04,2024-02-10,2024-02-19,10,Maladie,1,0
ABS00324,EMP0255,DEP04,2023-07-06,2023-07-10,5,Maladie,1,0
ABS00325,EMP0257,DEP04,2023-12-30,2023-12-30,1,Accident travail,1,0
ABS00326,EMP0258,DEP04,2022-11-03,2022-11-07,5,Maladie,1,1
ABS00327,EMP0258,DEP04,2024-06-05,2024-06-06,2,Accident travail,1,1
ABS00328,EMP0259,DEP04,2022-05-09,2022-05-09,1,Conge maladie enfant,1,1
ABS00329,EMP0259,DEP04,2021-01-24,2021-02-07,15,Accident travail,1,0
ABS00330,EMP0259,DEP04,2023-09-25,2023-10-01,7,Conge maladie enfant,1,1
ABS00331,EMP0260,DEP04,2021-03-03,2021-03-03,1,Maladie,1,0
ABS00332,EMP0262,DEP04,2023-09-08,2023-09-10,3,Maladie,1,0
ABS00333,EMP0264,DEP04,2021-09-10,2021-09-10,1,Conge maladie enfant,1,1
ABS00334,EMP0264,DEP04,2024-05-10,2024-05-11,2,Accident travail,1,0
ABS00335,EMP0265,DEP04,2023-05-24,2023-05-26,3,Maladie,1,1
ABS00336,EMP0265,DEP04,2022-07-24,2022-07-25,2,Absence injustifiee,1,0
ABS00337,EMP0267,DEP04,2022-08-15,2022-08-21,7,Accident travail,1,1
ABS00338,EMP0267,DEP04,2023-09-07,2023-09-09,3,Absence injustifiee,1,1
ABS00339,EMP0267,DEP04,2024-02-07,2024-02-08,2,Conge maladie enfant,1,0
ABS00340,EMP0270,DEP04,2024-05-04,2024-05-05,2,Absence injustifiee,0,1
ABS00341,EMP0272,DEP04,2021-08-03,2021-08-04,2,Absence injustifiee,1,0
ABS00342,EMP0272,DEP04,2024-04-06,2024-04-20,15,Conge exceptionnel,1,0
ABS00343,EMP0273,DEP04,2021-02-12,2021-02-13,2,Conge exceptionnel,1,1
ABS00344,EMP0275,DEP04,2023-06-12,2023-06-14,3,Absence injustifiee,1,0
ABS00345,EMP0276,DEP04,2024-01-04,2024-01-06,3,Conge maladie enfant,0,0
ABS00346,EMP0277,DEP04,2023-09-14,2023-09-14,1,Conge maladie enfant,1,0
ABS00347,EMP0277,DEP04,2022-07-06,2022-07-08,3,Maladie,1,1
ABS00348,EMP0278,DEP04,2021-03-15,2021-03-17,3,Absence injustifiee,1,1
ABS00349,EMP0278,DEP04,2024-05-23,2024-05-23,1,Maladie,0,1
ABS00350,EMP0279,DEP04,2023-09-19,2023-09-23,5,Maladie,0,1
ABS00351,EMP0280,DEP04,2022-04-27,2022-04-29,3,Maladie,1,0
ABS00352,EMP0280,DEP04,2023-12-13,2023-12-17,5,Conge maladie enfant,1,0
ABS00353,EMP0280,DEP04,2021-06-26,2021-06-30,5,Maladie,1,1
ABS00354,EMP0280,DEP04,2021-09-13,2021-09-14,2,Maladie,1,1
ABS00355,EMP0282,DEP04,2023-01-04,2023-01-08,5,Absence injustifiee,1,0
ABS00356,EMP0282,DEP04,2021-09-24,2021-09-25,2,Maladie,1,0
ABS00357,EMP0282,DEP04,2024-04-04,2024-04-05,2,Conge maladie enfant,1,0
ABS00358,EMP0283,DEP04,2021-10-10,2021-10-19,10,Maladie,1,1
ABS00359,EMP0286,DEP04,2022-10-28,2022-10-28,1,Absence injustifiee,1,0
ABS00360,EMP0287,DEP04,2023-10-12,2023-10-13,2,Maladie,1,0
ABS00361,EMP0287,DEP04,2024-04-23,2024-04-29,7,Conge maladie enfant,1,0
ABS00362,EMP0289,DEP04,2023-03-23,2023-03-23,1,Maladie,1,0
ABS00363,EMP0289,DEP04,2022-02-28,2022-02-28,1,Conge exceptionnel,1,0
ABS00364,EMP0290,DEP04,2024-06-27,2024-06-27,1,Maladie,1,0
ABS00365,EMP0290,DEP04,2022-12-13,2022-12-14,2,Conge maladie enfant,1,1
ABS00366,EMP0290,DEP04,2023-03-01,2023-03-02,2,Maladie,1,0
ABS00367,EMP0293,DEP04,2023-11-24,2023-11-24,1,Maladie,1,1
ABS00368,EMP0294,DEP04,2022-12-14,2022-12-15,2,Absence injustifiee,1,1
ABS00369,EMP0294,DEP04,2021-09-08,2021-09-22,15,Conge maladie enfant,1,0
ABS00370,EMP0296,DEP04,2022-08-26,2022-08-26,1,Accident travail,1,0
ABS00371,EMP0296,DEP04,2022-05-05,2022-05-05,1,Maladie,1,0
ABS00372,EMP0296,DEP04,2022-12-29,2022-12-29,1,Maladie,1,1
ABS00373,EMP0296,DEP04,2023-05-22,2023-05-24,3,Conge maladie enfant,1,1
ABS00374,EMP0296,DEP04,2023-08-30,2023-08-31,2,Maladie,0,1
ABS00375,EMP0297,DEP04,2024-02-15,2024-02-15,1,Maladie,1,1
ABS00376,EMP0297,DEP04,2022-11-06,2022-11-07,2,Conge maladie enfant,1,0
ABS00377,EMP0298,DEP04,2023-07-26,2023-07-27,2,Maladie,0,0
ABS00378,EMP0299,DEP04,2023-11-28,2023-11-29,2,Maladie,1,0
ABS00379,EMP0299,DEP04,2024-02-03,2024-02-03,1,Maladie,1,0
ABS00380,EMP0300,DEP04,2021-12-29,2021-12-31,3,Maladie,1,0
ABS00381,EMP0301,DEP04,2024-04-17,2024-04-23,7,Maladie,1,1
ABS00382,EMP0303,DEP04,2023-06-06,2023-06-06,1,Conge maladie enfant,1,0
ABS00383,EMP0305,DEP04,2021-12-28,2021-12-30,3,Conge maladie enfant,1,0
ABS00384,EMP0308,DEP04,2021-05-03,2021-05-05,3,Conge exceptionnel,1,0
ABS00385,EMP0311,DEP04,2024-04-26,2024-04-28,3,Absence injustifiee,0,1
ABS00386,EMP0312,DEP04,2022-04-26,2022-05-02,7,Accident travail,1,0
ABS00387,EMP0313,DEP04,2024-01-12,2024-01-12,1,Maladie,1,0
ABS00388,EMP0315,DEP04,2021-09-14,2021-09-15,2,Absence injustifiee,1,0
ABS00389,EMP0317,DEP04,2023-02-20,2023-02-21,2,Conge maladie enfant,1,0
ABS00390,EMP0318,DEP04,2023-10-15,2023-10-15,1,Maladie,1,1
ABS00391,EMP0318,DEP04,2023-02-02,2023-02-08,7,Conge exceptionnel,1,0
ABS00392,EMP0318,DEP04,2022-12-22,2022-12-23,2,Accident travail,0,0
ABS00393,EMP0318,DEP04,2024-03-02,2024-03-06,5,Maladie,1,0
ABS00394,EMP0320,DEP04,2024-03-21,2024-03-23,3,Maladie,1,0
ABS00395,EMP0321,DEP04,2021-12-04,2021-12-05,2,Conge maladie enfant,1,0
ABS00396,EMP0322,DEP04,2022-06-04,2022-06-10,7,Conge maladie enfant,1,0
ABS00397,EMP0322,DEP04,2022-07-23,2022-07-24,2,Conge maladie enfant,1,1
ABS00398,EMP0322,DEP04,2023-12-31,2024-01-01,2,Conge maladie enfant,0,1
ABS00399,EMP0324,DEP04,2023-08-12,2023-08-12,1,Maladie,1,1
ABS00400,EMP0325,DEP04,2023-10-22,2023-10-22,1,Maladie,0,0
ABS00401,EMP0325,DEP04,2021-02-13,2021-02-14,2,Maladie,1,0
ABS00402,EMP0328,DEP04,2022-11-01,2022-11-07,7,Conge maladie enfant,1,0
ABS00403,EMP0329,DEP04,2023-04-03,2023-04-05,3,Maladie,0,1
ABS00404,EMP0330,DEP04,2023-04-17,2023-04-23,7,Maladie,0,1
ABS00405,EMP0330,DEP04,2023-11-15,2023-11-15,1,Accident travail,1,0
ABS00406,EMP0331,DEP04,2022-06-22,2022-06-26,5,Maladie,1,1
ABS00407,EMP0332,DEP04,2024-06-13,2024-06-17,5,Absence injustifiee,1,0
ABS00408,EMP0332,DEP04,2024-06-22,2024-06-30,10,Maladie,1,0
ABS00409,EMP0333,DEP04,2022-12-11,2022-12-12,2,Absence injustifiee,1,1
ABS00410,EMP0335,DEP04,2024-03-14,2024-03-14,1,Accident travail,1,0
ABS00411,EMP0336,DEP04,2022-01-22,2022-01-23,2,Conge exceptionnel,1,0
ABS00412,EMP0336,DEP04,2021-03-13,2021-03-19,7,Maladie,1,1
ABS00413,EMP0336,DEP04,2024-06-18,2024-06-27,10,Maladie,1,1
ABS00414,EMP0336,DEP04,2021-06-26,2021-06-27,2,Maladie,1,0
ABS00415,EMP0336,DEP04,2022-04-06,2022-04-07,2,Conge maladie enfant,1,0
ABS00416,EMP0339,DEP04,2022-10-13,2022-10-13,1,Maladie,1,0
ABS00417,EMP0341,DEP05,2023-10-05,2023-10-06,2,Absence injustifiee,1,0
ABS00418,EMP0344,DEP05,2021-09-05,2021-09-06,2,Maladie,1,0
ABS00419,EMP0344,DEP05,2021-03-29,2021-03-31,3,Maladie,0,1
ABS00420,EMP0344,DEP05,2022-03-21,2022-03-21,1,Conge maladie enfant,0,1
ABS00421,EMP0344,DEP05,2021-04-03,2021-04-07,5,Maladie,1,0
ABS00422,EMP0344,DEP05,2023-03-26,2023-03-28,3,Maladie,1,0
ABS00423,EMP0345,DEP05,2023-08-30,2023-08-31,2,Maladie,1,1
ABS00424,EMP0346,DEP05,2023-03-01,2023-03-01,1,Conge maladie enfant,1,0
ABS00425,EMP0346,DEP05,2023-05-29,2023-06-07,10,Conge maladie enfant,1,1
ABS00426,EMP0349,DEP05,2021-10-11,2021-10-15,5,Maladie,1,1
ABS00427,EMP0349,DEP05,2022-03-02,2022-03-08,7,Absence injustifiee,1,1
ABS00428,EMP0350,DEP05,2023-09-05,2023-09-06,2,Absence injustifiee,0,1
ABS00429,EMP0350,DEP05,2024-02-29,2024-03-01,2,Conge maladie enfant,1,0
ABS00430,EMP0350,DEP05,2022-05-22,2022-05-22,1,Maladie,1,1
ABS00431,EMP0350,DEP05,2023-02-10,2023-02-11,2,Maladie,0,1
ABS00432,EMP0352,DEP05,2024-02-20,2024-02-24,5,Maladie,0,1
ABS00433,EMP0352,DEP05,2023-07-02,2023-07-02,1,Maladie,0,0
ABS00434,EMP0358,DEP05,2023-10-25,2023-10-31,7,Maladie,0,0
ABS00435,EMP0358,DEP05,2021-01-26,2021-01-26,1,Absence injustifiee,1,0
ABS00436,EMP0358,DEP05,2024-06-14,2024-06-28,15,Accident travail,1,0
ABS00437,EMP0359,DEP05,2023-08-18,2023-08-19,2,Conge maladie enfant,1,0
ABS00438,EMP0359,DEP05,2022-06-14,2022-06-14,1,Conge exceptionnel,0,1
ABS00439,EMP0362,DEP05,2022-03-13,2022-03-13,1,Conge maladie enfant,1,1
ABS00440,EMP0362,DEP05,2021-05-15,2021-05-15,1,Maladie,1,1
ABS00441,EMP0363,DEP05,2023-06-20,2023-06-24,5,Maladie,1,0
ABS00442,EMP0363,DEP05,2023-05-16,2023-05-18,3,Maladie,1,1
ABS00443,EMP0363,DEP05,2023-08-10,2023-08-10,1,Absence injustifiee,0,0
ABS00444,EMP0363,DEP05,2024-04-03,2024-04-05,3,Maladie,0,1
ABS00445,EMP0365,DEP05,2024-06-10,2024-06-14,5,Conge exceptionnel,1,0
ABS00446,EMP0365,DEP05,2021-02-06,2021-02-07,2,Accident travail,1,0
ABS00447,EMP0365,DEP05,2021-10-27,2021-11-02,7,Accident travail,1,1
ABS00448,EMP0365,DEP05,2022-09-12,2022-09-14,3,Conge maladie enfant,1,1
ABS00449,EMP0366,DEP05,2024-03-18,2024-03-20,3,Absence injustifiee,1,1
ABS00450,EMP0366,DEP05,2022-10-04,2022-10-10,7,Maladie,1,0
ABS00451,EMP0366,DEP05,2022-12-16,2022-12-16,1,Maladie,1,1
ABS00452,EMP0366,DEP05,2024-05-10,2024-05-10,1,Absence injustifiee,1,0
ABS00453,EMP0367,DEP05,2023-08-09,2023-08-11,3,Maladie,1,1
ABS00454,EMP0367,DEP05,2024-06-04,2024-06-04,1,Maladie,1,0
ABS00455,EMP0368,DEP05,2023-06-22,2023-06-23,2,Conge maladie enfant,0,0
ABS00456,EMP0370,DEP05,2022-12-20,2022-12-21,2,Maladie,1,0
ABS00457,EMP0370,DEP05,2021-03-12,2021-03-14,3,Accident travail,1,1
ABS00458,EMP0370,DEP05,2023-01-08,2023-01-12,5,Conge maladie enfant,1,0
ABS00459,EMP0371,DEP05,2022-11-16,2022-11-17,2,Accident travail,1,1
ABS00460,EMP0372,DEP05,2022-08-31,2022-09-02,3,Conge maladie enfant,0,0
ABS00461,EMP0372,DEP05,2024-01-03,2024-01-04,2,Conge maladie enfant,1,0
ABS00462,EMP0373,DEP05,2021-03-19,2021-03-19,1,Maladie,1,0
ABS00463,EMP0373,DEP05,2021-10-31,2021-11-09,10,Absence injustifiee,0,1
ABS00464,EMP0373,DEP05,2022-03-13,2022-03-14,2,Absence injustifiee,1,1
ABS00465,EMP0373,DEP05,2021-09-24,2021-09-25,2,Maladie,1,0
ABS00466,EMP0373,DEP05,2022-01-25,2022-01-27,3,Maladie,1,1
ABS00467,EMP0374,DEP05,2021-06-26,2021-06-28,3,Conge maladie enfant,1,1
ABS00468,EMP0375,DEP05,2021-10-25,2021-10-25,1,Maladie,1,1
ABS00469,EMP0375,DEP05,2023-05-02,2023-05-03,2,Maladie,0,0
ABS00470,EMP0376,DEP06,2023-05-08,2023-05-22,15,Maladie,1,0
ABS00471,EMP0377,DEP06,2023-07-27,2023-07-31,5,Maladie,1,1
ABS00472,EMP0377,DEP06,2022-03-11,2022-03-13,3,Absence injustifiee,1,1
ABS00473,EMP0377,DEP06,2021-11-22,2021-11-26,5,Maladie,0,0
ABS00474,EMP0377,DEP06,2022-06-21,2022-06-21,1,Conge exceptionnel,0,1
ABS00475,EMP0378,DEP06,2023-01-18,2023-01-22,5,Maladie,1,0
ABS00476,EMP0378,DEP06,2024-04-01,2024-04-10,10,Maladie,0,0
ABS00477,EMP0380,DEP06,2024-03-02,2024-03-04,3,Accident travail,1,1
ABS00478,EMP0381,DEP06,2021-09-17,2021-09-19,3,Conge maladie enfant,0,1
ABS00479,EMP0381,DEP06,2022-10-01,2022-10-10,10,Conge maladie enfant,0,1
ABS00480,EMP0383,DEP06,2021-06-30,2021-07-04,5,Maladie,1,1
ABS00481,EMP0383,DEP06,2023-12-08,2023-12-08,1,Absence injustifiee,0,0
ABS00482,EMP0386,DEP06,2023-11-24,2023-11-30,7,Maladie,1,0
ABS00483,EMP0388,DEP06,2022-08-12,2022-08-14,3,Maladie,1,0
ABS00484,EMP0389,DEP06,2023-08-13,2023-08-14,2,Absence injustifiee,1,1
ABS00485,EMP0389,DEP06,2023-07-13,2023-07-14,2,Maladie,1,0
ABS00486,EMP0390,DEP06,2022-01-20,2022-01-21,2,Maladie,1,0
ABS00487,EMP0391,DEP06,2022-11-12,2022-11-12,1,Maladie,1,1
ABS00488,EMP0391,DEP06,2021-09-14,2021-09-15,2,Maladie,0,0
ABS00489,EMP0391,DEP06,2021-03-23,2021-03-25,3,Maladie,1,0
ABS00490,EMP0391,DEP06,2023-04-23,2023-04-25,3,Conge exceptionnel,1,0
ABS00491,EMP0391,DEP06,2023-10-08,2023-10-14,7,Accident travail,0,0
ABS00492,EMP0392,DEP06,2022-01-17,2022-01-19,3,Maladie,1,0
ABS00493,EMP0392,DEP06,2022-01-06,2022-01-12,7,Conge maladie enfant,1,0
ABS00494,EMP0395,DEP06,2023-03-19,2023-03-19,1,Absence injustifiee,1,0
ABS00495,EMP0395,DEP06,2022-09-20,2022-09-20,1,Maladie,1,0
ABS00496,EMP0395,DEP06,2023-11-10,2023-11-16,7,Conge exceptionnel,1,0
ABS00497,EMP0395,DEP06,2022-09-14,2022-09-23,10,Accident travail,1,1
ABS00498,EMP0396,DEP07,2021-01-25,2021-01-31,7,Conge maladie enfant,0,0
ABS00499,EMP0396,DEP07,2023-12-15,2023-12-19,5,Maladie,1,1
ABS00500,EMP0398,DEP07,2023-11-15,2023-11-24,10,Conge maladie enfant,1,1
ABS00501,EMP0400,DEP07,2021-03-02,2021-03-04,3,Conge maladie enfant,1,0
ABS00502,EMP0400,DEP07,2023-02-22,2023-02-26,5,Accident travail,1,0
ABS00503,EMP0400,DEP07,2022-12-20,2022-12-21,2,Maladie,1,0
ABS00504,EMP0401,DEP07,2024-04-27,2024-04-29,3,Conge exceptionnel,1,0
ABS00505,EMP0404,DEP07,2023-12-13,2023-12-14,2,Absence injustifiee,1,1
ABS00506,EMP0406,DEP07,2023-12-17,2023-12-21,5,Conge maladie enfant,0,0
ABS00507,EMP0407,DEP07,2021-12-21,2021-12-30,10,Absence injustifiee,1,0
ABS00508,EMP0408,DEP07,2022-06-05,2022-06-09,5,Accident travail,1,0
ABS00509,EMP0410,DEP07,2023-09-11,2023-09-25,15,Absence injustifiee,1,0
ABS00510,EMP0412,DEP07,2021-04-19,2021-04-28,10,Absence injustifiee,1,1
ABS00511,EMP0414,DEP07,2023-12-03,2023-12-04,2,Accident travail,1,0
ABS00512,EMP0415,DEP07,2024-02-21,2024-02-23,3,Maladie,1,0
ABS00513,EMP0416,DEP07,2024-04-09,2024-04-13,5,Maladie,1,0
ABS00514,EMP0417,DEP07,2022-10-29,2022-11-02,5,Maladie,1,0
ABS00515,EMP0419,DEP07,2023-05-07,2023-05-07,1,Maladie,0,1
ABS00516,EMP0419,DEP07,2024-06-15,2024-06-21,7,Maladie,1,0
ABS00517,EMP0419,DEP07,2024-06-09,2024-06-10,2,Conge maladie enfant,1,0
ABS00518,EMP0419,DEP07,2023-12-23,2023-12-27,5,Maladie,1,0
ABS00519,EMP0422,DEP07,2023-12-08,2023-12-10,3,Maladie,0,0
ABS00520,EMP0422,DEP07,2024-05-07,2024-05-07,1,Maladie,1,1
ABS00521,EMP0423,DEP07,2021-10-24,2021-10-26,3,Maladie,1,0
ABS00522,EMP0423,DEP07,2022-02-24,2022-03-10,15,Maladie,1,1
ABS00523,EMP0425,DEP07,2022-10-19,2022-10-21,3,Maladie,1,0
ABS00524,EMP0426,DEP08,2023-04-07,2023-04-11,5,Absence injustifiee,1,0
ABS00525,EMP0426,DEP08,2023-05-09,2023-05-10,2,Maladie,1,0
ABS00526,EMP0429,DEP08,2024-05-20,2024-05-21,2,Maladie,1,0
ABS00527,EMP0429,DEP08,2023-06-16,2023-06-16,1,Maladie,0,0
ABS00528,EMP0431,DEP08,2024-04-23,2024-04-23,1,Maladie,1,1
ABS00529,EMP0431,DEP08,2023-10-08,2023-10-08,1,Conge maladie enfant,1,1
ABS00530,EMP0432,DEP08,2021-09-11,2021-09-13,3,Maladie,1,0
ABS00531,EMP0433,DEP08,2023-10-16,2023-10-22,7,Maladie,1,0
ABS00532,EMP0434,DEP08,2023-01-20,2023-01-21,2,Maladie,0,1
ABS00533,EMP0435,DEP08,2024-03-22,2024-03-23,2,Conge exceptionnel,1,0
ABS00534,EMP0435,DEP08,2022-06-21,2022-07-05,15,Conge exceptionnel,1,1
ABS00535,EMP0436,DEP08,2022-12-03,2022-12-09,7,Conge maladie enfant,0,0
ABS00536,EMP0437,DEP08,2024-06-08,2024-06-09,2,Absence injustifiee,1,1
ABS00537,EMP0438,DEP08,2023-02-12,2023-02-12,1,Maladie,1,0
ABS00538,EMP0438,DEP08,2023-01-23,2023-01-27,5,Accident travail,1,0
ABS00539,EMP0442,DEP08,2021-06-27,2021-06-27,1,Conge exceptionnel,1,0
ABS00540,EMP0442,DEP08,2023-05-28,2023-06-01,5,Maladie,1,0
ABS00541,EMP0444,DEP08,2023-10-12,2023-10-16,5,Absence injustifiee,1,1
ABS00542,EMP0444,DEP08,2023-10-17,2023-10-19,3,Maladie,0,0
ABS00543,EMP0444,DEP08,2023-04-28,2023-04-28,1,Absence injustifiee,1,1
ABS00544,EMP0446,DEP08,2023-12-08,2023-12-08,1,Maladie,1,0
ABS00545,EMP0446,DEP08,2024-02-15,2024-02-15,1,Accident travail,0,0
ABS00546,EMP0446,DEP08,2023-02-20,2023-02-24,5,Conge maladie enfant,1,0
ABS00547,EMP0448,DEP08,2023-12-30,2023-12-31,2,Absence injustifiee,1,1
ABS00548,EMP0449,DEP08,2022-12-18,2022-12-18,1,Maladie,0,0
ABS00549,EMP0450,DEP08,2023-08-09,2023-08-15,7,Accident travail,1,0
ABS00550,EMP0451,DEP08,2022-03-03,2022-03-07,5,Maladie,1,1
ABS00551,EMP0452,DEP08,2022-11-22,2022-11-22,1,Accident travail,1,1
ABS00552,EMP0453,DEP08,2024-06-27,2024-06-29,3,Conge maladie enfant,1,1
ABS00553,EMP0453,DEP08,2022-12-19,2022-12-19,1,Absence injustifiee,1,1
ABS00554,EMP0455,DEP08,2023-12-19,2023-12-20,2,Absence injustifiee,1,0
ABS00555,EMP0455,DEP08,2023-12-23,2023-12-23,1,Accident travail,1,1
ABS00556,EMP0455,DEP08,2023-12-08,2023-12-22,15,Conge maladie enfant,1,0
ABS00557,EMP0460,DEP08,2022-04-27,2022-04-27,1,Maladie,0,0
ABS00558,EMP0460,DEP08,2021-07-19,2021-07-21,3,Maladie,1,1
ABS00559,EMP0460,DEP08,2021-12-31,2022-01-02,3,Absence injustifiee,1,1
ABS00560,EMP0461,DEP08,2023-01-10,2023-01-14,5,Absence injustifiee,0,0
ABS00561,EMP0462,DEP08,2023-08-26,2023-08-28,3,Maladie,1,1
ABS00562,EMP0462,DEP08,2024-03-19,2024-03-20,2,Maladie,1,0
ABS00563,EMP0462,DEP08,2021-04-19,2021-04-19,1,Conge exceptionnel,1,1
ABS00564,EMP0462,DEP08,2023-11-24,2023-11-24,1,Conge exceptionnel,1,0
ABS00565,EMP0462,DEP08,2021-11-18,2021-11-19,2,Absence injustifiee,1,0
ABS00566,EMP0463,DEP08,2023-02-15,2023-03-01,15,Absence injustifiee,1,0
ABS00567,EMP0465,DEP08,2022-03-03,2022-03-04,2,Maladie,1,1
ABS00568,EMP0465,DEP08,2021-02-15,2021-02-16,2,Maladie,1,1
ABS00569,EMP0465,DEP08,2024-04-02,2024-04-02,1,Absence injustifiee,1,0
ABS00570,EMP0465,DEP08,2024-01-16,2024-01-16,1,Conge maladie enfant,1,0
ABS00571,EMP0466,DEP08,2022-12-20,2022-12-24,5,Conge maladie enfant,1,1
ABS00572,EMP0467,DEP08,2022-04-26,2022-05-02,7,Conge maladie enfant,1,0
ABS00573,EMP0467,DEP08,2021-08-25,2021-09-03,10,Accident travail,1,0
ABS00574,EMP0467,DEP08,2021-09-05,2021-09-05,1,Conge maladie enfant,1,0
ABS00575,EMP0467,DEP08,2023-01-22,2023-01-26,5,Maladie,1,1
ABS00576,EMP0473,DEP09,2023-10-13,2023-10-15,3,Conge exceptionnel,0,1
ABS00577,EMP0473,DEP09,2023-08-02,2023-08-04,3,Conge exceptionnel,1,0
ABS00578,EMP0474,DEP09,2024-04-21,2024-04-27,7,Accident travail,1,0
ABS00579,EMP0474,DEP09,2023-09-18,2023-09-24,7,Maladie,1,1
ABS00580,EMP0474,DEP09,2021-01-01,2021-01-05,5,Accident travail,1,0
ABS00581,EMP0474,DEP09,2023-08-05,2023-08-05,1,Conge exceptionnel,1,0
ABS00582,EMP0478,DEP09,2021-03-08,2021-03-14,7,Maladie,1,1
ABS00583,EMP0478,DEP09,2021-07-13,2021-07-13,1,Conge maladie enfant,1,0
ABS00584,EMP0478,DEP09,2021-09-03,2021-09-04,2,Conge maladie enfant,1,1
ABS00585,EMP0479,DEP09,2023-02-07,2023-02-07,1,Maladie,1,0
ABS00586,EMP0482,DEP09,2023-07-23,2023-07-23,1,Conge maladie enfant,1,1
ABS00587,EMP0482,DEP09,2024-02-15,2024-02-29,15,Conge maladie enfant,1,0
ABS00588,EMP0482,DEP09,2023-11-24,2023-11-26,3,Absence injustifiee,1,0
ABS00589,EMP0483,DEP09,2024-04-26,2024-05-02,7,Conge maladie enfant,1,1
ABS00590,EMP0484,DEP09,2024-06-18,2024-06-18,1,Conge maladie enfant,0,1
ABS00591,EMP0486,DEP10,2021-04-16,2021-04-17,2,Absence injustifiee,1,0
ABS00592,EMP0486,DEP10,2021-11-09,2021-11-10,2,Conge maladie enfant,1,1
ABS00593,EMP0486,DEP10,2021-07-25,2021-07-26,2,Absence injustifiee,1,0
ABS00594,EMP0487,DEP10,2023-10-04,2023-10-13,10,Accident travail,1,0
ABS00595,EMP0487,DEP10,2021-02-09,2021-02-10,2,Conge exceptionnel,1,0
ABS00596,EMP0488,DEP10,2022-07-23,2022-07-23,1,Conge maladie enfant,1,1
ABS00597,EMP0488,DEP10,2023-02-06,2023-02-08,3,Conge maladie enfant,1,0
ABS00598,EMP0488,DEP10,2021-02-01,2021-02-03,3,Absence injustifiee,1,1
ABS00599,EMP0488,DEP10,2022-10-09,2022-10-23,15,Absence injustifiee,1,1
ABS00600,EMP0492,DEP10,2021-10-30,2021-10-30,1,Conge maladie enfant,0,0
ABS00601,EMP0493,DEP10,2023-07-05,2023-07-06,2,Conge maladie enfant,1,1
ABS00602,EMP0493,DEP10,2024-01-14,2024-01-18,5,Conge maladie enfant,1,1
ABS00603,EMP0493,DEP10,2024-03-04,2024-03-10,7,Maladie,1,0
ABS00604,EMP0494,DEP10,2021-07-18,2021-07-18,1,Absence injustifiee,0,0
ABS00605,EMP0494,DEP10,2021-06-02,2021-06-06,5,Maladie,1,0
ABS00606,EMP0495,DEP10,2023-02-20,2023-02-21,2,Maladie,1,1
ABS00607,EMP0495,DEP10,2023-09-18,2023-09-22,5,Conge maladie enfant,1,0
ABS00608,EMP0495,DEP10,2024-02-05,2024-02-11,7,Maladie,1,1
ABS00609,EMP0497,DEP10,2022-11-09,2022-11-10,2,Maladie,0,1
ABS00610,EMP0497,DEP10,2022-10-28,2022-11-03,7,Absence injustifiee,1,0
ABS00611,EMP0498,DEP10,2022-03-30,2022-03-30,1,Maladie,0,1
ABS00612,EMP0501,DEP10,2022-06-04,2022-06-04,1,Accident travail,0,1
ABS00613,EMP0501,DEP10,2021-02-25,2021-02-25,1,Absence injustifiee,1,0
ABS00614,EMP0501,DEP10,2023-03-26,2023-04-04,10,Maladie,1,1
ABS00615,EMP0504,DEP10,2021-09-06,2021-09-07,2,Conge maladie enfant,1,1
ABS00616,EMP0505,DEP10,2022-07-18,2022-07-19,2,Maladie,1,0
ABS00617,EMP0505,DEP10,2022-10-13,2022-10-17,5,Absence injustifiee,1,0
ABS00618,EMP0505,DEP10,2023-09-29,2023-09-30,2,Conge maladie enfant,1,0
ABS00619,EMP0507,DEP10,2022-01-22,2022-01-26,5,Conge maladie enfant,1,1
ABS00620,EMP0507,DEP10,2023-06-12,2023-06-14,3,Conge maladie enfant,1,1
ABS00621,EMP0508,DEP10,2023-11-22,2023-11-26,5,Accident travail,0,0
ABS00622,EMP0509,DEP10,2024-05-26,2024-05-27,2,Conge maladie enfant,1,1
